ปี,หมายเลขบ่อน้ำบาดาล / หมายเลขอื่น ๆ,สถานที่ตั้งบ่อ,จังหวัด,อำเภอ,ตำบล,ความลึกของบ่อ,pH,EC,ความขุ่น,สี,แคลเซียม,แมกนีเซียม,โซเดียม,โพแทสเซียม,เหล็ก,แมงกานีส,ทองแดง,สังกะสี,ซัลเฟต,คลอโรด์,คาร์บอเนต,โบคาร์บอเนต,ฟลูออไรด์,ไนไทรต์,ไนเทรด,ความกระด้างทั้งหมด,ความกระกระด่างถาวร,TDS,สารหนู,ตะกั่ว,แคดเมียม,โครเมียม,ปรอท,ซีลีเนียม
2563,6209D030,บ้านใหม่ (จุดที่ 2) ตำบลโป่งน้ำร้อน อำเภอโป่งน้ำร้อน จังหวัดจันทบุรี,จันทบุรี,โป่งน้ำร้อน,โป่งน้ำร้อน,80,7.6,622,-,-,91,25,24,0.73,0.0,0.1,-,-,8,29,0,400,0.4,0.00,7.0,330,3,404,,,,,,
2563,6209D030,บ้านใหม่ (จุดที่ 2) ตำบลโป่งน้ำร้อน อำเภอโป่งน้ำร้อน จังหวัดจันทบุรี,จันทบุรี,โป่งน้ำร้อน,โป่งน้ำร้อน,80,7.6,622,-,-,91,25,24,0.73,0.0,0.1,-,-,8,29,0,400,0.4,0.00,7.0,330,3,404,,,,,,
2563,6209D031,บ้านวังกระทิง ตำบลโป่งน้ำร้อน อำเภอโป่งน้ำร้อน จังหวัดจันทบุรี,จันทบุรี,โป่งน้ำร้อน,โป่งน้ำร้อน,120,7.7,624,-,-,76,30,24,0.42,0.0,0.0,-,-,22,29,0,360,0.2,0.00,23,320,20,406,,,,,,
2563,6209D032,บ้านสำโรง ตำบลทรายขาว อำเภอสอยดาว จังหวัดจันทบุรี,จันทบุรี,สอยดาว,ทรายขาว,80,7.9,698,-,-,48,48,53,0.82,0.0,0.0,-,-,4,29,0,485,0.4,0.00,5.3,320,0,454,,,,,,
2563,6209C030,บ้านห้างสูง ตำบลบ่อพุ อำเภอท่าใหม่ จังหวัดจันทบุรี,จันทบุรี,ท่าใหม่,บ่อพุ,86,7.0,99,-,-,7.5,7.3,6.4,1.6,0.2,0.0,-,-,< 1,5.6,0,56,0.2,0.00,10,49,3,64,,,,,,
2563,6209C026,บ้านชำโสม ตำบลแสลง อำเภอเมืองจันทบุรี จังหวัดจันทบุรี,จันทบุรี,เมืองจันทบุรี,แสลง,62,7.0,181,-,-,12,4.1,9.3,3.9,0.1,0.0,-,-,1,4.0,0,73,0.2,0.00,5.1,47,0,118,,,,,,
2562,6109B020,บ่อน้ำบาดาลหมู่บ้าน ตำบลตะเคียนทอง อำเภอเขาคิชฌกูฏ จังหวัดจันทบุรี,จันทบุรี,เขาคิชฌกูฏ,ตะเคียนทอง,-,7.1,39,2.2,0,3.7,0.4,< 4,1.4,0.1,0.0,0.0,0.0,< 1,3.6,0,14,0.0,0.00,< 0.9,11,0,25,,,,,,
2564,6309G048,สำนักสงฆ์บ้านซอยสุขสันต์ ตำบลทับช้าง อำเภอสอยดาว จังหวัดจันทบุรี,จันทบุรี,สอยดาว,ทับช้าง,30,7.2,"1,010",-,-,80,37,52,1.1,0.2,0.3,0.0,0.0,77,78,0,387,0.5,0.00,< 0.9,350,33,658,,,,,,
2564,6309G049,สำนักสงฆ์บ้านซอยสุขสันต์ ตำบลทับช้าง อำเภอสอยดาว จังหวัดจันทบุรี,จันทบุรี,สอยดาว,ทับช้าง,30,7.1,"1,110",-,-,72,62,92,0.82,0.4,0.3,0.0,0.0,56,54,0,566,0.8,0.00,< 0.9,430,0,722,,,,,,
2564,6109F021,ทัณฑสถานเปิดทุ่งเบญจา หมู่บ้านเนินดินแดง ตำบลทุ่งเบญจา อำเภอท่าใหม่ จังหวัดจันทบุรี,จันทบุรี,ท่าใหม่,ทุ่งเบญจา,80,7.6,161,0.1,-,16,9.1,9.3,4.7,0.0,0.0,0.0,0.2,4,14,0,107,0.5,-,< 0.9,78,0,105,,,,,,
2563,6209C025,บ้านโป่งขนมจีน ตำบลแก่งหางแมว อำเภอแก่งหางแมว จังหวัดจันทบุรี,จันทบุรี,แก่งหางแมว,แก่งหางแมว,92,7.4,227,-,-,33,7.6,9.7,1.0,0.1,0.0,-,-,1,4.8,0,162,0.2,0.00,5.5,110,0,148,,,,,,
2563,6209C027,หนองตะโกลม ตำบลแสลง อำเภอเมืองจันทบุรี จังหวัดจันทบุรี,จันทบุรี,เมืองจันทบุรี,แสลง,80,7.4,323,-,-,38,5.3,35,1.3,0.0,0.0,-,-,2,4.0,0,228,0.7,0.00,5.1,120,0,210,,,,,,
2563,6209C029,บ้านซึ้นบน ตำบลซึ้ง อำเภอขลุง จังหวัดจันทบุรี,จันทบุรี,ขลุง,ซึ้ง,62,6.2,67,-,-,3.2,4.3,6.4,2.5,0.6,0.0,-,-,< 1,6.8,0,18,0.2,0.00,18,26,11,44,,,,,,
2562,6109E054,โรงเรียนบ้านแก้ว ตำบลท่าช้าง อำเภอเมืองจันทบุรี จังหวัดจันทบุรี,จันทบุรี,เมืองจันทบุรี,ท่าช้าง,72,6.9,208,-,-,29,5.0,8,0.8,3.4,0.5,0.0,0.1,< 1,5.6,0,116,0.2,0.00,< 0.9,94,0,135,,,,,,
2562,6109E054,โรงเรียนบ้านแก้ว ตำบลท่าช้าง อำเภอเมืองจันทบุรี จังหวัดจันทบุรี,จันทบุรี,เมืองจันทบุรี,ท่าช้าง,72,5.7,12,0.3,0,0.0,1.0,< 4,1.0,0.0,0.0,0.0,0.0,< 1,< 1.5,0,11,0.0,0.00,< 0.9,< 5,0,8,,,,,,
2564,6309E061,บ้านตะเคียนทอง ตำบลตะเคียนทอง อำเภอเขาคิชฌกูฏ จังหวัดจันทบุรี,จันทบุรี,เขาคิชฌกูฏ,ตะเคียนทอง,62,8.6,622,-,-,43,27,120,8.5,0.0,0.0,-,-,5,16,64,385,2.2,-,< 0.9,150,0,404,,,,,,
2562,5943G022,โรงพยาบาลส่งเสริมสุขภาพตำบล ตำบลขุนซ่อง อำเภอแก่งหางแมว จังหวัดจันทบุรี,จันทบุรี,แก่งหางแมว,ขุนซ่อง,61,8.1,546,-,-,47,30,40,0.4,0.3,0.1,0.0,0.0,< 1,14,0,379,0.2,0.00,< 0.9,240,0,355,,,,,,
2565,5909B015,บ้านเขามะปริง ตำบลนายายอาม อำเภอนายายอาม จังหวัดจันทบุรี,จันทบุรี,นายายอาม,นายายอาม,-,7.6,529,0.1,-,100,6.3,2.3,0.26,3.0,0.3,-,-,2,8.0,0,350,0.1,-,< 0.9,290,0,344,,,,,,
2565,5909B015,บ้านเขามะปริง ตำบลนายายอาม อำเภอนายายอาม จังหวัดจันทบุรี,จันทบุรี,นายายอาม,นายายอาม,-,7.2,646,0.2,-,87,15,34,0.76,3.9,0.5,-,-,7,85,0,242,0.1,-,< 0.9,280,80,420,,,,,,
2564,6409G022,ทัณฑสถานเปิดทุ่งเบญจา บ้านเนินดินแดง ตำบลทุ่งเบญจา อำเภอท่าใหม่ จังหวัดจันทบุรี,จันทบุรี,ท่าใหม่,ทุ่งเบญจา,80,7.4,252,-,-,37,3.0,15,4.8,0.0,0.1,-,-,4,8.0,0,164,0.1,-,1.1,100,0,164,,,,,,
2564,6409G022,ทัณฑสถานเปิดทุ่งเบญจา บ้านเนินดินแดง ตำบลทุ่งเบญจา อำเภอท่าใหม่ จังหวัดจันทบุรี,จันทบุรี,ท่าใหม่,ทุ่งเบญจา,80,8.3,361,-,-,49,4.2,14,31,0.0,1.0,-,-,15,6.8,29,143,1.8,-,< 0.9,140,0,235,,,,,,
2564,6409E008,บ้านคลองหลอด บ่อที่ 3 ตำบลท่าช้าง อำเภอเมืองจันทบุรี จังหวัดจันทบุรี,จันทบุรี,เมืองจันทบุรี,ท่าช้าง,62,6.9,366,-,-,11,8.1,58,4.8,3.7,0.2,-,-,10,53,0,127,0.2,-,< 0.9,60,0,238,,,,,,
2568,6409G050,ทัณฑสถานเปิดทุ่งเบญจา ตำบลทุ่งเบญจา อำเภอท่าใหม่ จังหวัดจันทบุรี,จันทบุรี,ท่าใหม่,ทุ่งเบญจา,140,7.6,174,0.2,-,26,1.4,9.9,2.2,0.0,0.0,0.0,0.4,1,3.6,0,114,0.5,-,1.2,70,0,113,,,,,,
2565,5909F034,บ้านวังหิน ตำบลวังโตนด อำเภอนายายอาม จังหวัดจันทบุรี,จันทบุรี,นายายอาม,วังโตนด,-,6.0,146,> 20,-,8.2,2.2,13,0.60,0.0,0.2,-,-,14,24,0,6,0.0,-,< 0.9,30,25,95,,,,,,
2565,5909F034,บ้านวังหิน ตำบลวังโตนด อำเภอนายายอาม จังหวัดจันทบุรี,จันทบุรี,นายายอาม,วังโตนด,-,6.4,176,15,-,7.8,3.1,17,0.58,0.0,0.0,-,-,19,32,0,11,0.0,-,2.4,32,24,114,,,,,,
2562,5943G052,โรงพยาบาลส่งเริมสุขภาพตำบลชากชุม ตำบลเขาแก้ว อำเภอท่าใหม่ จังหวัดจันทบุรี,จันทบุรี,ท่าใหม่,เขาแก้ว,22,7.8,173,-,-,22,5.2,6,< 0.4,1.6,0.3,0.0,0.0,< 1,2.0,0,103,0.1,0.00,< 0.9,76,0,112,,,,,,
2562,6109H040,บ้านสะตอน ตำบลสะตอน อำเภอสอยดาว จังหวัดจันทบุรี,จันทบุรี,สอยดาว,สะตอน,104,7.6,825,-,-,84,33,49,0.6,0.2,0.0,-,-,19,64,0,422,0.3,0.00,5.5,340,0,536,,,,,,
2565,5909A037,บ้านเกาะพลอง ตำบลหนองบัว อำเภอเมืองจันทบุรี จังหวัดจันทบุรี,จันทบุรี,เมืองจันทบุรี,หนองบัว,-,7.5,310,3.5,-,12,1.7,55,1.4,0.8,0.1,-,-,7,24,0,128,0.5,-,< 0.9,38,0,202,,,,,,
2565,5909A037,บ้านเกาะพลอง ตำบลหนองบัว อำเภอเมืองจันทบุรี จังหวัดจันทบุรี,จันทบุรี,เมืองจันทบุรี,หนองบัว,-,7.4,295,1.7,-,12,1.4,54,1.1,0.8,0.1,-,-,7,27,0,125,0.5,-,< 0.9,36,0,192,,,,,,
2565,5909B012,บ้านคลองกลอย ตำบลแก่งหางแมว อำเภอแก่งหางแมว จังหวัดจันทบุรี,จันทบุรี,แก่งหางแมว,แก่งหางแมว,-,7.2,263,0.9,-,2.6,1.4,59,1.0,0.1,0.0,-,-,8,29,0,98,0.4,-,< 0.9,12,0,171,,,,,,
2565,6009B007,บ้านเนินโพธิ์ล่าง ตำบลหนองบัว อำเภอเมืองจันทบุรี จังหวัดจันทบุรี,จันทบุรี,เมืองจันทบุรี,หนองบัว,-,7.2,264,0.2,-,9.1,7.9,28,1.4,1.3,0.3,-,-,35,44,0,23,0.1,-,4.4,55,36,172,,,,,,
2565,6009G007,บ้านเนินธงชัย ตำบลนายายอาม อำเภอนายายอาม จังหวัดจันทบุรี,จันทบุรี,นายายอาม,นายายอาม,-,7.2,280,1.3,-,37,7.4,14,0.34,0.0,0.0,-,-,1,2.4,0,183,0.2,-,< 0.9,120,0,182,,,,,,
2565,6009G007,บ้านเนินธงชัย ตำบลนายายอาม อำเภอนายายอาม จังหวัดจันทบุรี,จันทบุรี,นายายอาม,นายายอาม,-,7.1,281,> 20,-,36,8.5,11,0.31,0.0,0.1,-,-,1,2.4,0,181,0.2,-,< 0.9,130,0,183,,,,,,
2565,6009B007,บ้านเนินโพธิ์ล่าง ตำบลหนองบัว อำเภอเมืองจันทบุรี จังหวัดจันทบุรี,จันทบุรี,เมืองจันทบุรี,หนองบัว,-,7.9,332,0.1,-,13,12,34,1.5,5.6,0.4,-,-,19,73,0,32,0.0,-,< 0.9,83,56,216,,,,,,
2564,6309F039,บ้านทุ่งโตนด ตำบลท่าหลวง อำเภอมะขาม จังหวัดจันทบุรี,จันทบุรี,มะขาม,ท่าหลวง,92,8.7,720,-,-,9.8,29,110,2.5,0.1,0.0,-,-,7,11,51,355,0.4,0.00,< 0.9,140,0,468,,,,,,
2565,5909B012,บ้านคลองกลอย ตำบลแก่งหางแมว อำเภอแก่งหางแมว จังหวัดจันทบุรี,จันทบุรี,แก่งหางแมว,แก่งหางแมว,-,7.5,525,2.7,-,60,15,39,0.36,0.3,0.2,-,-,< 1,6.4,0,358,0.4,-,< 0.9,210,0,341,,,,,,
2565,6409F040,บ้านทุ่งโตนด ตำบลท่าหลวง อำเภอมะขาม จังหวัดจันทบุรี,จันทบุรี,มะขาม,ท่าหลวง,92,7.4,660,1.6,-,65,39,24,0.62,0.2,0.0,0.0,0.1,< 1,9.2,0,445,0.2,-,< 0.9,320,0,429,,,,,,
2564,6409G010,โรงเรียนตำรวจตระเวนชายแดนบ้านเขาสารภี ตำบลทับพริก อำเภออรัญประเทศ จังหวัดสระแก้ว,สระแก้ว,อรัญประเทศ,ทับพริก,92,7.1,534,-,-,70,13,20,0.51,4.0,0.1,-,-,19,11,0,288,0.4,-,20,230,0,347,,,,,,
2563,6109G026,บ้านอู่ตะเภา ตำบลกระแจะ อำเภอนายายอาม จังหวัดจันทบุรี,จันทบุรี,นายายอาม,กระแจะ,30,6.4,"1,290",-,-,150,37,36,2.8,12,2.0,0.0,0.2,26,320,0,140,0.1,-,< 0.9,540,420,838,,,,,,
2563,6309H003,บ้านหนองหงส์ ตำบลสนามไชย อำเภอนายายอาม จังหวัดจันทบุรี,จันทบุรี,นายายอาม,สนามไชย,98,7.7,473,> 20,-,65,18,16,0.88,0.0,0.0,0.0,0.0,< 1,4.4,0,300,0.1,-,15,240,0,307,,,,,,
2563,6109D015,บ้านปากทางแทรคเตอร์ ตำบลวังใหม่ อำเภอนายายอาม จังหวัดจันทบุรี,จันทบุรี,นายายอาม,วังใหม่,62,6.8,258,-,-,20,9.8,26,0.58,5.7,0.5,0.0,0.0,2,4.0,0,168,0.3,-,< 0.9,90,0,168,,,,,,
2565,5909F028,บ้านใหม่ชัยมงคล ตำบลทับช้าง อำเภอสอยดาว จังหวัดจันทบุรี,จันทบุรี,สอยดาว,ทับช้าง,-,7.7,"1,070",4.1,-,36,40,180,0.57,0.3,0.0,-,-,31,53,0,601,0.8,-,3.1,260,0,696,,,,,,
2565,5909F028,บ้านใหม่ชัยมงคล ตำบลทับช้าง อำเภอสอยดาว จังหวัดจันทบุรี,จันทบุรี,สอยดาว,ทับช้าง,-,7.6,"1,170",3.3,-,42,47,180,0.52,0.2,0.0,-,-,32,51,0,630,0.8,-,3.3,300,0,760,,,,,,
2564,PGS010,อบต.วังใหม่ ตำบลวังใหม่ อำเภอนายายอาม จังหวัดจันทบุรี,จันทบุรี,นายายอาม,วังใหม่,,7.3,422,-,-,61,12,22,1.2,0.0,0.0,0.0,0.0,8,15,0,305,0.2,-,< 0.9,200,0,274,,,,,,
2568,6509B005,เทศบาลตำบลปัถวี  บ้านคลองเวฬุ ตำบลปัถวี อำเภอมะขาม จังหวัดจันทบุรี,จันทบุรี,มะขาม,ปัถวี,-,6.8,300,16,-,43,5.6,19,1.8,3.8,0.5,0.1,1.0,5,2.0,0,182,0.2,0.00,18,130,0,195,,,,,,
2565,6409E008,บ้านคลองหลอด บ่อที่ 3 ตำบลท่าช้าง อำเภอเมืองจันทบุรี จังหวัดจันทบุรี,จันทบุรี,เมืองจันทบุรี,ท่าช้าง,62,5.4,142,1.4,-,3.5,0.2,29,0.65,7.0,0.0,0.0,0.1,2,33,0,22,0.0,-,< 0.9,10,0,92,,,,,,
2564,6409E008,บ้านคลองหลอด บ่อที่ 3 ตำบลท่าช้าง อำเภอเมืองจันทบุรี จังหวัดจันทบุรี,จันทบุรี,เมืองจันทบุรี,ท่าช้าง,62,7.9,433,-,-,12,7.8,73,4.3,3.4,0.2,-,-,13,61,0,171,0.2,-,0.9,61,0,281,,,,,,
2564,6309A066,บ้านห้วงปลาดุก บ่อที่ 4 ตำบลนายายอาม อำเภอนายายอาม จังหวัดจันทบุรี,จันทบุรี,นายายอาม,นายายอาม,,6.9,198,-,-,1.8,3.6,41,0.50,0.2,0.3,-,-,9,22,0,75,0.4,-,< 0.9,19,0,129,,,,,,
2564,6309A063,บ้านห้วงปลาดุก บ่อที่ 1 ตำบลนายายอาม อำเภอนายายอาม จังหวัดจันทบุรี,จันทบุรี,นายายอาม,นายายอาม,90,6.7,211,-,-,2.6,5.0,39,0.50,0.2,0.3,-,-,13,24,0,82,0.4,-,< 0.9,27,0,137,,,,,,
2568,6709B038,บ้านบ่อยาง (บ่อแก้) ตำบลทุ่งขนาน อำเภอสอยดาว จังหวัดจันทบุรี,จันทบุรี,สอยดาว,ทุ่งขนาน,100,6.6,756,4.3,-,120,16,27,0.55,0.6,0.1,0.0,0.0,10,17,0,455,0.2,-,21,360,0,491,,,,,,
2565,5909A026,บ้านเนินมณฑา ตำบลกระแจะ อำเภอนายายอาม จังหวัดจันทบุรี,จันทบุรี,นายายอาม,กระแจะ,-,7.3,503,0.1,-,74,7.1,23,0.62,1.7,0.6,-,-,1,46,0,236,0.1,-,< 0.9,210,20,327,,,,,,
2565,5909B020,บ้านทุ่งยายทอง ตำบลแก่งหางแมว อำเภอแก่งหางแมว จังหวัดจันทบุรี,จันทบุรี,แก่งหางแมว,แก่งหางแมว,-,7.9,332,0.2,-,52,9.6,8.0,0.28,0.2,0.1,-,-,< 1,2.4,0,227,0.2,-,< 0.9,170,0,216,,,,,,
2565,5909B011,บ้านต้นไทร ตำบลแก่งหางแมว อำเภอแก่งหางแมว จังหวัดจันทบุรี,จันทบุรี,แก่งหางแมว,แก่งหางแมว,-,7.5,524,0.1,-,61,25,19,0.30,2.4,0.1,-,-,< 1,8.0,0,350,0.3,-,< 0.9,260,0,341,,,,,,
2565,5909B011,บ้านต้นไทร ตำบลแก่งหางแมว อำเภอแก่งหางแมว จังหวัดจันทบุรี,จันทบุรี,แก่งหางแมว,แก่งหางแมว,-,7.5,533,0.7,-,67,24,18,0.30,0.0,0.0,-,-,< 1,9.2,0,360,0.3,-,< 0.9,270,0,346,,,,,,
2565,5909B020,บ้านทุ่งยายทอง ตำบลแก่งหางแมว อำเภอแก่งหางแมว จังหวัดจันทบุรี,จันทบุรี,แก่งหางแมว,แก่งหางแมว,-,7.8,331,2.1,-,53,8.1,7.9,0.33,0.3,0.2,-,-,< 1,3.2,0,226,0.2,-,< 0.9,170,0,215,,,,,,
2562,5943G024,วัดวังอีแอ่น ตำบลพวา อำเภอแก่งหางแมว จังหวัดจันทบุรี,จันทบุรี,แก่งหางแมว,พวา,60,7.8,466,-,-,74,9.5,19,1.2,0.3,0.6,0.0,0.0,< 1,5.2,0,324,0.1,0.00,< 0.9,220,0,303,,,,,,
2565,5909F021,บ้านสามผาน ตำบลสองพี่น้อง อำเภอท่าใหม่ จังหวัดจันทบุรี,จันทบุรี,ท่าใหม่,สองพี่น้อง,-,8.7,203,5.4,-,28,4.5,12,0.77,1.2,0.1,-,-,< 1,2.8,0,140,0.0,-,< 0.9,89,0,132,,,,,,
2565,5909B018,บ้านวังแก่ง ตำบลแก่งหางแมว อำเภอแก่งหางแมว จังหวัดจันทบุรี,จันทบุรี,แก่งหางแมว,แก่งหางแมว,-,8.0,148,3.3,-,19,4.9,5.2,0.90,0.1,0.0,-,-,< 1,9.6,0,81,0.1,-,3.8,67,1,96,,,,,,
2565,5909F021,บ้านสามผาน ตำบลสองพี่น้อง อำเภอท่าใหม่ จังหวัดจันทบุรี,จันทบุรี,ท่าใหม่,สองพี่น้อง,-,7.5,217,1.3,-,29,4.3,13,0.66,0.9,0.1,-,-,< 1,3.2,0,143,0.1,-,< 0.9,91,0,141,,,,,,
2565,5909B018,บ้านวังแก่ง ตำบลแก่งหางแมว อำเภอแก่งหางแมว จังหวัดจันทบุรี,จันทบุรี,แก่งหางแมว,แก่งหางแมว,-,7.5,149,2.2,-,19,3.2,5.4,0.90,0.1,0.0,-,-,< 1,8.8,0,78,0.1,-,4.3,60,0,97,,,,,,
2568,6509B005,เทศบาลตำบลปัถวี  บ้านคลองเวฬุ ตำบลปัถวี อำเภอมะขาม จังหวัดจันทบุรี,จันทบุรี,มะขาม,ปัถวี,-,7.0,294,11,-,41,6.7,19,1.8,1.3,0.0,0.0,0.3,5,1.6,0,181,0.2,0.00,17,130,0,191,,,,,,
2562,6209G006,บ้านบ่อยาง ตำบลทุ่งขนาน อำเภอสอยดาว จังหวัดจันทบุรี,จันทบุรี,สอยดาว,ทุ่งขนาน,98,7.3,603,-,-,91,19,22,1.1,0.0,0.0,-,-,11,6.4,0,372,0.3,-,14,310,2,392,,,,,,
2565,6509A008,หมู่บ้านคชานุรักษ์ ตำบลพวา อำเภอแก่งหางแมว จังหวัดจันทบุรี,จันทบุรี,แก่งหางแมว,พวา,80,6.9,398,1.4,-,16,6.1,67,2.1,0.1,0.0,0.0,0.1,17,43,0,159,0.4,-,< 0.9,64,0,259,,,,,,
2565,6509B005,เทศบาลตำบลปัถวี บ่อที่ 4 ตำบลปัถวี อำเภอมะขาม จังหวัดจันทบุรี,จันทบุรี,มะขาม,ปัถวี,150,6.9,348,16,-,49,5.3,23,1.6,7.8,0.9,0.0,0.0,3,2.4,0,224,0.2,-,23,140,0,226,,,,,,
2562,6209C024,บ้านคลองตาคง ตำบลโป่งน้ำร้อน อำเภอโป่งน้ำร้อน จังหวัดจันทบุรี,จันทบุรี,โป่งน้ำร้อน,โป่งน้ำร้อน,92,10.0,341,-,-,9.8,2.4,54,2.2,0.1,0.0,-,-,12,32,70,-20,0.5,0.02,< 0.9,34,0,222,,,,,,
2563,6209D029,บ้านคลองมะงั่ว ตำบลคลองนารายณ์ อำเภอเมืองจันทบุรี จังหวัดจันทบุรี,จันทบุรี,เมืองจันทบุรี,คลองนารายณ์,92,6.3,70,-,-,3.8,1.9,2.5,0.70,0.0,0.1,-,-,< 1,4.0,0,24,0.1,0.00,< 0.9,17,0,46,,,,,,
2565,5909B010,บ้านช่องกะพัด ตำบลแก่งหางแมว อำเภอแก่งหางแมว จังหวัดจันทบุรี,จันทบุรี,แก่งหางแมว,แก่งหางแมว,-,7.3,547,0.4,-,48,13,27,0.30,0.2,0.1,-,-,3,11,0,267,0.2,-,< 0.9,170,0,356,,,,,,
2565,5909F023,บ้านใหม่ (จุดที่ 1) ตำบลโป่งน้ำร้อน อำเภอโป่งน้ำร้อน จังหวัดจันทบุรี,จันทบุรี,โป่งน้ำร้อน,โป่งน้ำร้อน,-,7.3,"1,070",0.9,-,25,82,74,0.24,0.0,0.0,-,-,8,48,0,530,1.7,-,< 0.9,400,0,696,,,,,,
2565,6009F005,บ้านคมบาง ตำบลคมบาง อำเภอเมืองจันทบุรี จังหวัดจันทบุรี,จันทบุรี,เมืองจันทบุรี,คมบาง,-,6.7,58,0.2,-,2.4,1.2,4.0,0.70,3.1,0.1,-,-,2,6.0,0,9,0.1,-,2.4,11,3,38,,,,,,
2565,5909B021,บ้านห้วงปลาดุก ตำบลนายายอาม อำเภอนายายอาม จังหวัดจันทบุรี,จันทบุรี,นายายอาม,นายายอาม,-,7.5,334,1.2,-,32,10,29,0.96,0.2,0.3,-,-,1,8.4,0,210,0.3,-,< 0.9,120,0,217,,,,,,
2568,5709G040,โรงเรียนบ้านเนินดินแดง ตำบลเทพนิมิต อำเภอโป่งน้ำร้อน จังหวัดจันทบุรี,จันทบุรี,โป่งน้ำร้อน,เทพนิมิต,-,6.7,512,1.0,-,37,28,22,6.2,0.0,0.0,0.0,12,12,32,0,186,0.9,0.00,72,210,54,333,,,,,,
2568,5709G040,โรงเรียนบ้านเนินดินแดง ตำบลเทพนิมิต อำเภอโป่งน้ำร้อน จังหวัดจันทบุรี,จันทบุรี,โป่งน้ำร้อน,เทพนิมิต,-,7.0,483,1.5,-,42,23,22,5.3,0.6,0.0,0.0,0.1,17,33,0,166,0.2,0.00,62,200,61,314,,,,,,
2564,6309F057,บ้านสระบาปบน ตำบลคลองนารายณ์ อำเภอเมืองจันทบุรี จังหวัดจันทบุรี,จันทบุรี,เมืองจันทบุรี,คลองนารายณ์,74,6.6,218,-,-,31,6.7,9.8,3.6,0.2,0.2,-,-,< 1,5.6,0,146,0.4,-,< 0.9,100,0,142,,,,,,
2562,6109C035,บ้านประแกต ตำบลสามพี่น้อง อำเภอแก่งหางแมว จังหวัดจันทบุรี,จันทบุรี,แก่งหางแมว,สามพี่น้อง,80,7.6,274,-,-,41,8.6,9,0.6,0.5,0.3,-,-,1,< 1.5,0,181,0.2,-,1.2,140,0,178,,,,,,
2565,6509A016,บ้านคลองขวาง ตำบลแสลง อำเภอเมืองจันทบุรี จังหวัดจันทบุรี,จันทบุรี,เมืองจันทบุรี,แสลง,90,6.7,145,4.3,-,15,4.7,9.4,1.6,0.9,0.1,0.0,0.0,4,2.4,0,90,0.1,-,< 0.9,56,0,94,,,,,,
2564,6309E060,บ้านห้วงปลาดุก ตำบลนายายอาม อำเภอนายายอาม จังหวัดจันทบุรี,จันทบุรี,นายายอาม,นายายอาม,60,8.2,626,-,-,24,30,91,4.1,0.0,0.0,-,-,8,16,0,416,0.9,-,9.0,180,0,407,,,,,,
2562,5943G009,วัดสระบาป ตำบลคลองนารายณ์ อำเภอเมืองจันทบุรี จังหวัดจันทบุรี,จันทบุรี,เมืองจันทบุรี,คลองนารายณ์,60,8.2,288,-,-,4.8,1.1,58,1.4,0.2,0.0,0.0,0.0,< 1,2.0,0,190,0.3,0.00,< 0.9,16,0,187,,,,,,
2562,5943G013,โรงพยาบาลส่งเสริมสุขภาพตำบล ตำบลคลองพลู อำเภอเขาคิชฌกูฏ จังหวัดจันทบุรี,จันทบุรี,เขาคิชฌกูฏ,คลองพลู,52,8.3,263,-,-,44,3.2,9,0.9,0.2,0.4,0.0,0.1,< 1,< 1.5,18,145,0.1,0.00,< 0.9,120,0,171,,,,,,
2565,5909B014,บ้านหนองตาหงุ่น ตำบลนายายอาม อำเภอนายายอาม จังหวัดจันทบุรี,จันทบุรี,นายายอาม,นายายอาม,-,8.6,297,6.8,-,9.4,7.2,52,1.6,1.9,0.1,-,-,9,18,12,127,0.2,-,< 0.9,53,0,193,,,,,,
2565,5909B014,บ้านหนองตาหงุ่น ตำบลนายายอาม อำเภอนายายอาม จังหวัดจันทบุรี,จันทบุรี,นายายอาม,นายายอาม,-,7.6,300,0.9,-,9.1,5.8,52,1.7,1.4,0.2,-,-,8,17,0,147,0.2,-,< 0.9,47,0,195,,,,,,
2565,6509A016,บ้านคลองขวาง ตำบลแสลง อำเภอเมืองจันทบุรี จังหวัดจันทบุรี,จันทบุรี,เมืองจันทบุรี,แสลง,90,6.7,145,4.3,-,15,4.7,9.4,1.6,0.9,0.1,0.0,0.0,4,2.4,0,90,0.1,-,< 0.9,56,0,94,,,,,,
2565,6409E008,บ้านคลองหลอด บ่อที่ 3 ตำบลท่าช้าง อำเภอเมืองจันทบุรี จังหวัดจันทบุรี,จันทบุรี,เมืองจันทบุรี,ท่าช้าง,62,5.3,133,0.3,-,1.8,0.1,24,0.60,0.8,0.0,0.0,0.0,2,34,0,13,0.0,-,< 0.9,5,0,86,,,,,,
2565,6509A016,บ้านห้วยทับมอญ บ่อที่ 2 ตำบลห้วยทับมอญ อำเภอเขาชะเมา จังหวัดระยอง,ระยอง,เขาชะเมา,ห้วยทับมอญ,120,7.2,874,> 20,-,40,17,130,4.3,0.3,0.2,0.0,0.0,2,63,0,277,0.4,-,180,170,0,568,,,,,,
2565,6509A016,บ้านห้วยทับมอญ บ่อที่ 2 ตำบลห้วยทับมอญ อำเภอเขาชะเมา จังหวัดระยอง,ระยอง,เขาชะเมา,ห้วยทับมอญ,120,7.2,874,> 20,-,40,17,130,4.3,0.3,0.2,0.0,0.0,2,63,0,277,0.4,-,180,170,0,568,,,,,,
2565,6409G050,ทัณฑสถานเปิดทุ่งเบญจา บ้านเนินดินแดง ตำบลทุ่งเบญจา อำเภอท่าใหม่ จังหวัดจันทบุรี,จันทบุรี,ท่าใหม่,ทุ่งเบญจา,140,7.3,154,> 20,-,11,1.4,17,5.4,2.2,0.4,-,-,6,4.0,0,84,1.1,-,< 0.9,32,0,100,,,,,,
2565,5909F027,บ้านพญากำพุช ตำบลโป่งน้ำร้อน อำเภอโป่งน้ำร้อน จังหวัดจันทบุรี,จันทบุรี,โป่งน้ำร้อน,โป่งน้ำร้อน,-,8.6,756,> 20,-,10,23,150,0.67,0.0,0.0,-,-,33,8.4,48,384,0.6,-,< 0.9,120,0,491,,,,,,
2565,5909F027,บ้านพญากำพุช ตำบลโป่งน้ำร้อน อำเภอโป่งน้ำร้อน จังหวัดจันทบุรี,จันทบุรี,โป่งน้ำร้อน,โป่งน้ำร้อน,-,8.0,852,4.7,-,21,22,140,0.70,0.0,0.0,-,-,35,8.0,0,507,0.6,-,< 0.9,140,0,554,,,,,,
2565,5909F024,บ้านเครือหวาย ตำบลโป่งน้ำร้อน อำเภอโป่งน้ำร้อน จังหวัดจันทบุรี,จันทบุรี,โป่งน้ำร้อน,โป่งน้ำร้อน,-,7.6,970,0.5,-,20,60,80,0.40,0.0,0.0,-,-,10,45,0,489,0.6,-,< 0.9,300,0,630,,,,,,
2565,5909F024,บ้านเครือหวาย ตำบลโป่งน้ำร้อน อำเภอโป่งน้ำร้อน จังหวัดจันทบุรี,จันทบุรี,โป่งน้ำร้อน,โป่งน้ำร้อน,-,7.7,"1,170",5.2,-,25,77,92,0.60,0.0,0.0,-,-,19,40,0,586,0.7,-,< 0.9,340,0,760,,,,,,
2565,5909B023,บ้านห้วงหิน ตำบลนายายอาม อำเภอนายายอาม จังหวัดจันทบุรี,จันทบุรี,นายายอาม,นายายอาม,-,8.0,"2,570",0.7,-,9.6,21,630,4.2,0.9,0.0,-,-,350,360,0,611,0.6,-,< 0.9,110,0,"1,670",,,,,,
2564,6309E062,บ้านทุ่งยายทอง ตำบลแก่งหางแมว อำเภอแก่งหางแมว จังหวัดจันทบุรี,จันทบุรี,แก่งหางแมว,แก่งหางแมว,54,7.7,346,-,-,24,2.5,60,2.2,0.1,0.0,-,-,1,7.2,0,232,2.3,-,< 0.9,70,0,225,,,,,,
2565,5909A026,บ้านเนินมณฑา ตำบลกระแจะ อำเภอนายายอาม จังหวัดจันทบุรี,จันทบุรี,นายายอาม,กระแจะ,-,7.5,408,4.9,-,74,7.4,2.5,0.22,0.6,0.1,-,-,1,8.8,0,259,0.1,-,< 0.9,210,3,265,,,,,,
2563,6209C028,บ้านคานรูด ตำบลเกวียนหัก อำเภอขลุง จังหวัดจันทบุรี,จันทบุรี,ขลุง,เกวียนหัก,92,7.0,207,-,-,20,12,12,2.7,0.4,0.0,-,-,1,6.0,0,138,0.4,0.00,5.0,99,0,135,,,,,,
2564,6309A064,บ้านห้วงปลาดุก บ่อที่ 2 ตำบลนายายอาม อำเภอนายายอาม จังหวัดจันทบุรี,จันทบุรี,นายายอาม,นายายอาม,92,7.1,228,-,-,2.9,2.9,47,0.50,0.2,0.3,-,-,10,25,0,90,0.5,-,< 0.9,19,0,148,,,,,,
2562,6209A017,โรงเรียนบ้านชากไทย (จงจินต์ประชานุเคราะห์) ตำบลชากไทย อำเภอเขาคิชฌกูฏ จังหวัดจันทบุรี,จันทบุรี,เขาคิชฌกูฏ,ชากไทย,100,8.5,223,-,-,29,1.3,17,4.9,2.3,0.3,-,-,6,4.8,12,117,0.5,0.07,< 0.9,78,0,145,,,,,,
2563,6309F002,บ้านตรอกประดู่ ตำบลสนามไชย อำเภอนายายอาม จังหวัดจันทบุรี,จันทบุรี,นายายอาม,สนามไชย,86,8.2,258,-,-,20,8.6,26,3.0,0.1,0.0,0.0,0.0,1,9.6,0,158,0.3,-,1.2,85,0,168,,,,,,
2565,6309F057,บ้านเนินมณฑา บ่อที่2 ตำบลกระแจะ อำเภอนายายอาม จังหวัดจันทบุรี,จันทบุรี,นายายอาม,กระแจะ,80,7.4,"2,100",0.8,-,210,16,170,1.3,3.5,0.4,-,-,54,510,0,112,0.1,-,< 0.9,580,490,"1,360",,,,,,
2568,5943G022,โรงพยาบาลส่งเสริมสุขภาพตำบลขุนซ่อง ตำบลขุนซ่อง อำเภอแก่งหางแมว จังหวัดจันทบุรี,จันทบุรี,แก่งหางแมว,ขุนซ่อง,60,7.2,805,-,-,73,34,68,0.40,0.1,0.0,0.0,0.0,2,14,0,557,0.3,0.00,< 0.9,320,0,523,,,,,,
2568,5809C072,ปากทางหมู่ 2 บ้านไร่ป๋า ตำบลเขาบายศรี อำเภอท่าใหม่ จังหวัดจันทบุรี,จันทบุรี,ท่าใหม่,เขาบายศรี,-,7.0,80,0.2,-,10,2.2,2.9,0.45,0.0,0.0,0.0,0.5,2,1.6,0,40,0.1,0.00,4.6,35,2,52,,,,,,
2568,6109E054,โรงเรียนบ้านแก้ว บ้านดงชะมูล ตำบลท่าช้าง อำเภอเมืองจันทบุรี จังหวัดจันทบุรี,จันทบุรี,เมืองจันทบุรี,ท่าช้าง,-,7.1,162,1.7,-,17,3.5,9.9,0.69,0.2,0.0,0.0,0.1,12,5.6,0,73,0.1,0.00,1.8,58,0,105,,,,,,
2567,6709I001,วิสาหกิจชุมชนเกษตรรุ่นใหม่พัฒนา ตำบลทับไทร อำเภอโป่งน้ำร้อน จังหวัดจันทบุรี,จันทบุรี,โป่งน้ำร้อน,ทับไทร,290,7.6,"1,140",> 20,-,42,23,210,2.9,0.7,0.0,0.0,0.0,12,17,0,713,0.1,-,< 0.9,200,0,741,,,,,,
2568,6409G010,โรงเรียนตำรวจตระเวนชายแดนบ้านเขาสารภี ตำบลทับพริก อำเภออรัญประเทศ จังหวัดสระแก้ว,สระแก้ว,อรัญประเทศ,ทับพริก,92,6.9,755,2.9,-,120,14,34,0.25,15,0.1,0.0,0.7,16,9.6,0,466,0.3,-,15,350,0,491,,,,,,
2568,6409G010,โรงเรียนตำรวจตระเวนชายแดนบ้านเขาสารภี ตำบลทับพริก อำเภออรัญประเทศ จังหวัดสระแก้ว,สระแก้ว,อรัญประเทศ,ทับพริก,92,6.9,735,0.2,-,120,12,25,0.43,0.0,0.0,0.0,0.0,16,8.8,0,454,0.3,-,17,350,0,478,,,,,,
2565,6409G010,โรงเรียนตำรวจตระเวนชายแดนบ้านเขาสารภี ตำบลทับพริก อำเภออรัญประเทศ จังหวัดสระแก้ว,สระแก้ว,อรัญประเทศ,ทับพริก,-,7.6,786,-,-,130,18,24,0.32,0.0,0.0,0.0,0.2,19,18,0,470,0.2,0.07,21,390,4,511,,,,,,
2565,6509B005,เทศบาลตำบลปัถวี ตำบลปัถวี อำเภอมะขาม จังหวัดจันทบุรี,จันทบุรี,มะขาม,ปัถวี,74,7.3,320,2.5,-,43,6.3,23,1.8,5.6,0.9,-,-,2,4.4,0,202,0.2,-,21,130,0,208,,,,,,
2564,6409F007,เทศบาลตำบลปัถวี บ่อที่ 3 ตำบลปัถวี อำเภอมะขาม จังหวัดจันทบุรี,จันทบุรี,มะขาม,ปัถวี,100,8.2,453,-,-,41,9.7,56,3.6,2.6,0.2,-,-,1,8.8,0,337,0.2,-,6.7,140,0,294,,,,,,
2562,6109E053,โรงเรียนศรีรัตน์ราษฎร์อนุเคราะห์ ตำบลทุ่งเบญจา อำเภอท่าใหม่ จังหวัดจันทบุรี,จันทบุรี,ท่าใหม่,ทุ่งเบญจา,74,6.3,12,0.1,0,0.0,1.4,< 4,0.7,0.0,0.0,0.0,0.0,< 1,< 1.5,0,6,0.0,0.00,< 0.9,6,1,8,,,,,,
2562,6109E053,โรงเรียนศรีรัตน์ราษฎร์อนุเคราะห์ ตำบลทุ่งเบญจา อำเภอท่าใหม่ จังหวัดจันทบุรี,จันทบุรี,ท่าใหม่,ทุ่งเบญจา,74,8.3,228,-,-,72,16,10,0.6,1.1,0.3,0.0,0.2,5,14,27,218,0.1,2.6,25,250,25,148,,,,,,
2565,6409B010,ศูนย์พัฒนาเด็กเล็กเทศบาลตำบลซึ้ง บ่อที่3 ตำบลซึ้ง อำเภอขลุง จังหวัดจันทบุรี,จันทบุรี,ขลุง,ซึ้ง,104,6.1,61,0.1,-,5.6,1.8,3.9,1.1,2.4,0.0,0.0,2.5,1,7.2,0,23,0.0,-,4.7,21,2,40,,,,,,
2565,6409B010,ศูนย์พัฒนาเด็กเล็กเทศบาลตำบลซึ้ง บ่อที่3 ตำบลซึ้ง อำเภอขลุง จังหวัดจันทบุรี,จันทบุรี,ขลุง,ซึ้ง,104,6.1,61,0.1,-,5.6,1.8,3.9,1.1,2.4,0.0,0.0,2.5,1,7.2,0,23,0.0,-,4.7,21,2,40,,,,,,
2565,6409F007,เทศบาลตำบลปัถวี บ่อที่3 ตำบลปัถวี อำเภอมะขาม จังหวัดจันทบุรี,จันทบุรี,มะขาม,ปัถวี,100,7.2,515,1.5,-,84,1.5,54,1.6,1.2,0.5,0.0,0.3,5,6.8,0,347,0.2,-,8.0,220,0,335,,,,,,
2564,6409B010,ศูนย์พัฒนาเด็กเล็กเทศบาลตำบลซึ้ง บ่อที่ 3 ตำบลซึ้ง อำเภอขลุง จังหวัดจันทบุรี,จันทบุรี,ขลุง,ซึ้ง,104,6.9,80,-,-,5.8,1.3,8.2,1.9,0.3,0.0,-,-,1,10,0,22,0.0,-,9.7,20,1,52,,,,,,
2564,6409B010,ศูนย์พัฒนาเด็กเล็กเทศบาลตำบลซึ้ง บ่อที่ 3 ตำบลซึ้ง อำเภอขลุง จังหวัดจันทบุรี,จันทบุรี,ขลุง,ซึ้ง,104,6.9,80,-,-,5.8,1.3,8.2,1.9,0.3,0.0,-,-,1,10,0,22,0.0,-,9.7,20,1,52,,,,,,
2564,6409B010,ศูนย์พัฒนาเด็กเล็กเทศบาลตำบลซึ้ง บ่อที่ 3 ตำบลซึ้ง อำเภอขลุง จังหวัดจันทบุรี,จันทบุรี,ขลุง,ซึ้ง,104,8.8,194,-,-,13,18,9.3,1.7,0.0,0.2,-,-,1,8.0,57,37,0.1,-,3.2,110,0,126,,,,,,
2564,6409B010,ศูนย์พัฒนาเด็กเล็กเทศบาลตำบลซึ้ง บ่อที่ 3 ตำบลซึ้ง อำเภอขลุง จังหวัดจันทบุรี,จันทบุรี,ขลุง,ซึ้ง,104,8.8,194,-,-,13,18,9.3,1.7,0.0,0.2,-,-,1,8.0,57,37,0.1,-,3.2,110,0,126,,,,,,
2565,5509D033,ศูนย์พัฒนาไม้ผลอันเนื่องมาจากพระราชดำริ ตำบลท่าหลวง อำเภอมะขาม จังหวัดจันทบุรี,จันทบุรี,มะขาม,ท่าหลวง,-,7.4,138,2.6,-,11,4.4,6.2,4.4,4.5,0.1,-,-,< 1,2.0,0,84,0.2,-,< 0.9,46,0,90,,,,,,
2564,6409G010,โรงเรียนตำรวจตระเวนชายแดนบ้านเขาสารภี ตำบลทับพริก อำเภออรัญประเทศ จังหวัดสระแก้ว,สระแก้ว,อรัญประเทศ,ทับพริก,92,6.7,750,-,-,130,16,23,0.28,0.0,0.0,-,-,17,12,0,466,0.4,-,19,380,0,488,,,,,,
2568,5943G052,โรงพยาบาลส่งเริมสุขภาพตำบลชากชุม ตำบลเขาแก้ว อำเภอท่าใหม่ จังหวัดจันทบุรี,จันทบุรี,ท่าใหม่,เขาแก้ว,22,5.9,45,-,-,5.8,0.9,1.8,0.12,0.5,0.1,0.0,0.0,< 1,2.4,0,19,0.0,0.00,4.4,18,2,29,,,,,,
2564,6409G010,โรงเรียนตำรวจตระเวนชายแดนบ้านเขาสารภี ตำบลทับพริก อำเภออรัญประเทศ จังหวัดสระแก้ว,สระแก้ว,อรัญประเทศ,ทับพริก,92,7.6,453,-,-,29,14,27,1.0,0.0,0.0,-,-,21,18,0,167,0.5,-,31,130,0,294,,,,,,
2564,6309D040,บ้านห้วงปลาดุก บ่อที่ 1 ตำบลนายายอาม อำเภอนายายอาม จังหวัดจันทบุรี,จันทบุรี,นายายอาม,นายายอาม,134,7.0,"1,490",-,-,120,48,150,2.4,0.1,0.1,-,-,680,8.0,0,179,0.3,0.00,4.7,500,360,968,,,,,,
2562,6109E055,โรงเรียนวัดตกพรม ตำบลตกพรม อำเภอขลุง จังหวัดจันทบุรี,จันทบุรี,ขลุง,ตกพรม,78,8.1,432,-,-,71,7.5,13,1.1,0.5,0.8,0.0,18,4,14,0,266,0.1,0.00,< 0.9,210,0,281,,,,,,
2562,6109E055,โรงเรียนวัดตกพรม ตำบลตกพรม อำเภอขลุง จังหวัดจันทบุรี,จันทบุรี,ขลุง,ตกพรม,78,6.4,11,0.2,0,0.0,1.2,< 4,0.8,0.0,0.0,0.0,0.0,< 1,< 1.5,0,7,0.0,0.00,< 0.9,5,0,7,,,,,,
2565,6009F006,บ้านมะขาม ตำบลมะขาม อำเภอมะขาม จังหวัดจันทบุรี,จันทบุรี,มะขาม,มะขาม,-,8.0,694,7.8,-,20,5.4,140,0.72,1.0,0.1,-,-,49,24,0,379,0.7,-,< 0.9,72,0,451,,,,,,
2565,6009F006,บ้านมะขาม ตำบลมะขาม อำเภอมะขาม จังหวัดจันทบุรี,จันทบุรี,มะขาม,มะขาม,-,8.3,699,0.6,-,14,4.1,150,0.77,0.3,0.1,-,-,48,24,33,298,0.7,-,< 0.9,51,0,454,,,,,,
2565,6409B009,ศูนย์พัฒนาเด็กเล็กเทศบาลตำบลซึ้ง บ่อที่2 ตำบลซึ้ง อำเภอขลุง จังหวัดจันทบุรี,จันทบุรี,ขลุง,ซึ้ง,104,7.2,214,14,-,30,5.2,15,0.92,0.4,0.1,0.0,3.2,2,2.8,0,142,0.1,-,< 0.9,97,0,139,,,,,,
2563,5409D023,โรงเรียนตำรวจตระเวนชายแดน สิงค์โปร์แอร์ไลน์ เฉลิมพระเกียรติ บ้านหนองบอน (บ่อ2) ตำบลทุ่งขนาน อำเภอสอยดาว จังหวัดจันทบุรี,จันทบุรี,สอยดาว,ทุ่งขนาน,27,7.8,819,-,-,75,44,42,4.0,0.0,0.0,-,-,32,52,0,430,0.2,0.00,5.3,370,14,532,,,,,,
2563,5409D023,โรงเรียนตำรวจตระเวนชายแดน สิงค์โปร์แอร์ไลน์ เฉลิมพระเกียรติ บ้านหนองบอน (บ่อ2) ตำบลทุ่งขนาน อำเภอสอยดาว จังหวัดจันทบุรี,จันทบุรี,สอยดาว,ทุ่งขนาน,27,7.8,859,0.3,0,82,49,41,4.0,0.0,0.0,0.1,0.3,31,51,0,450,0.2,0.03,4.9,400,36,558,,,,,,
2565,5909B009,บ้านเขาส้มป่อย ตำบลแก่งหางแมว อำเภอแก่งหางแมว จังหวัดจันทบุรี,จันทบุรี,แก่งหางแมว,แก่งหางแมว,-,9.1,"1,170",1.9,-,14,10,240,5.1,0.0,0.1,-,-,170,160,40,153,0.4,-,4.2,77,0,760,,,,,,
2565,5909B009,บ้านเขาส้มป่อย ตำบลแก่งหางแมว อำเภอแก่งหางแมว จังหวัดจันทบุรี,จันทบุรี,แก่งหางแมว,แก่งหางแมว,-,9.1,"1,190",2.3,-,24,11,240,4.6,0.1,0.1,-,-,170,160,45,169,0.4,-,3.9,100,0,774,,,,,,
2564,6409E006,บ้านคลองหลอด บ่อที่ 1 ตำบลท่าช้าง อำเภอเมืองจันทบุรี จังหวัดจันทบุรี,จันทบุรี,เมืองจันทบุรี,ท่าช้าง,62,7.7,191,-,-,11,11,21,4.1,9.5,0.5,-,-,2,31,0,81,0.1,-,< 0.9,71,5,124,,,,,,
2564,6409B010,ศูนย์พัฒนาเด็กเล็กเทศบาลตำบลซึ้ง ตำบลซึ้ง อำเภอขลุง จังหวัดจันทบุรี,จันทบุรี,ขลุง,ซึ้ง,104,8.2,244,-,-,24,3.6,29,1.9,0.1,0.0,-,-,3,6.8,0,172,0.1,-,< 0.9,76,0,159,,,,,,
2564,6409B010,ศูนย์พัฒนาเด็กเล็กเทศบาลตำบลซึ้ง ตำบลซึ้ง อำเภอขลุง จังหวัดจันทบุรี,จันทบุรี,ขลุง,ซึ้ง,104,8.2,244,-,-,24,3.6,29,1.9,0.1,0.0,-,-,3,6.8,0,172,0.1,-,< 0.9,76,0,159,,,,,,
2563,6309H004,บ้านหนองหงส์ ตำบลสนามไชย อำเภอนายายอาม จังหวัดจันทบุรี,จันทบุรี,นายายอาม,สนามไชย,51,7.1,373,-,-,47,19,3.7,1.7,0.0,0.3,0.0,0.0,< 1,8.8,0,203,0.1,-,26,200,29,242,,,,,,
2563,6109B001,บ้านหมื่นซ่อง ตำบลกระแจะ อำเภอนายายอาม จังหวัดจันทบุรี,จันทบุรี,นายายอาม,กระแจะ,82,7.2,466,-,-,73,9.7,15,0.48,1.7,1.0,0.0,7.6,1,12,0,282,0.1,-,< 0.9,220,0,303,,,,,,
2563,6309H001,บ้านหนองหงส์ ตำบลสนามไชย อำเภอนายายอาม จังหวัดจันทบุรี,จันทบุรี,นายายอาม,สนามไชย,80,6.8,306,-,-,35,15,6.4,0.71,0.0,0.0,0.0,0.0,5,8.0,0,128,0.1,-,48,150,42,199,,,,,,
2563,6109G016,บ้านหนองบัวใน ตำบลกระแจะ อำเภอนายายอาม จังหวัดจันทบุรี,จันทบุรี,นายายอาม,กระแจะ,,7.5,"1,750",-,-,110,100,83,2.5,1.6,0.2,0.0,0.1,38,440,0,241,0.1,-,1.8,690,500,"1,140",,,,,,
2562,6109E053,โรงเรียนศรีรัตน์ราษฎร์อนุเคราะห์ ตำบลทุ่งเบญจา อำเภอท่าใหม่ จังหวัดจันทบุรี,จันทบุรี,ท่าใหม่,ทุ่งเบญจา,74,7.5,259,-,-,22,1.5,33,1.4,0.4,0.1,-,-,7,16,0,123,0.4,-,< 0.9,60,0,168,,,,,,
2568,6709F028,บ้านคลองขวาง (บ่อที่ 1) ตำบลแสลง อำเภอเมืองจันทบุรี จังหวัดจันทบุรี,จันทบุรี,เมืองจันทบุรี,แสลง,86,4.9,76,2.8,-,5.3,4.4,1.6,1.5,0.9,0.3,0.0,0.0,4,2.4,0,37,0.1,-,1.6,31,1,49,,,,,,
2568,6009G057,โรงเรียนวัดแก่งหางแมว ตำบลแก่งหางแมว อำเภอแก่งหางแมว จังหวัดจันทบุรี,จันทบุรี,แก่งหางแมว,แก่งหางแมว,-,6.7,170,0.3,-,13,7.7,12,1.0,0.0,0.0,0.0,0.0,2,10,0,81,0.3,0.00,3.1,65,0,110,,,,,,
2568,6409B010,ศูนย์พัฒนาเด็กเล็กเทศบาลตำบลซึ้ง ตำบลซึ้ง อำเภอขลุง จังหวัดจันทบุรี,จันทบุรี,ขลุง,ซึ้ง,-,6.8,117,0.5,-,15,1.5,6.4,1.1,0.1,0.0,0.0,0.4,5,4.4,0,60,0.1,0.00,4.7,44,0,76,,,,,,
2562,6109E054,โรงเรียนบ้านแก้ว ตำบลท่าช้าง อำเภอเมืองจันทบุรี จังหวัดจันทบุรี,จันทบุรี,เมืองจันทบุรี,ท่าช้าง,72,7.5,258,-,-,16,3.2,39,1.7,0.5,0.1,-,-,3,17,0,123,0.5,-,< 0.9,53,0,168,,,,,,
2564,6409G022,ทัณฑสถานเปิดทุ่งเบญจา บ้านเนินดินแดง ตำบลทุ่งเบญจา อำเภอท่าใหม่ จังหวัดจันทบุรี,จันทบุรี,ท่าใหม่,ทุ่งเบญจา,-,8.0,246,0.1,0,36,4.2,12,5.1,0.1,0.4,0.0,0.3,< 1,2.4,0,157,0.7,-,< 0.9,110,0,160,,,,,,
2568,5509C014,บ้านเขาสุกิม ตำบลเขาบายศรี อำเภอท่าใหม่ จังหวัดจันทบุรี,จันทบุรี,ท่าใหม่,เขาบายศรี,-,6.3,58,1.4,-,6.6,1.3,3.6,3.1,0.3,0.0,0.0,0.0,1,4.8,0,32,0.1,0.00,1.4,22,0,38,,,,,,
2568,5509C014,บ้านเขาสุกิม ตำบลเขาบายศรี อำเภอท่าใหม่ จังหวัดจันทบุรี,จันทบุรี,ท่าใหม่,เขาบายศรี,-,6.1,93,0.5,-,8.2,5.0,3.1,3.0,12,1.9,0.0,0.0,1,4.4,0,57,0.1,0.00,< 0.9,41,0,60,,,,,,
2568,5809C072,ปากทางหมู่ 2 บ้านไร่ป๋า ตำบลเขาบายศรี อำเภอท่าใหม่ จังหวัดจันทบุรี,จันทบุรี,ท่าใหม่,เขาบายศรี,-,6.8,65,15,-,6.1,2.5,3.3,0.51,0.6,0.1,0.0,0.5,2,2.0,0,33,0.1,0.00,5.4,26,0,42,,,,,,
2568,6409B010,ศูนย์พัฒนาเด็กเล็กเทศบาลตำบลซึ้ง ตำบลซึ้ง อำเภอขลุง จังหวัดจันทบุรี,จันทบุรี,ขลุง,ซึ้ง,-,6.8,117,0.5,-,15,1.5,6.4,1.1,0.1,0.0,0.0,0.4,5,4.4,0,60,0.1,0.00,4.7,44,0,76,,,,,,
2568,5709E041,โรงเรียนบ้านคลองลาว จุด 1 ตำบลวังใหม่ อำเภอนายายอาม จังหวัดจันทบุรี,จันทบุรี,นายายอาม,วังใหม่,,7.0,414,3.2,-,58,17,14,0.45,0.4,0.1,0.0,0.0,2,4.0,0,272,0.2,0.00,< 0.9,210,0,269,,,,,,
2568,5809D041,วัดหนองปลาไหล บ้านดอน ตำบลวังสรรพรส อำเภอขลุง จังหวัดจันทบุรี,จันทบุรี,ขลุง,วังสรรพรส,-,6.2,59,3.4,-,5.6,1.9,5.2,0.23,0.5,0.0,0.0,0.0,1,1.6,0,34,0.1,0.00,4.7,22,0,38,,,,,,
2562,6209A016,โรงเรียนวัดทุ่งเบญจา ตำบลทุ่งเบญจา อำเภอท่าใหม่ จังหวัดจันทบุรี,จันทบุรี,ท่าใหม่,ทุ่งเบญจา,62,7.2,279,-,-,39,10,10,0.6,1.9,0.2,-,-,2,5.2,0,187,0.1,0.00,0.9,140,0,181,,,,,,
2562,6209A013,โรงเรียนบ้านหนองบอน ตำบลคลองใหญ่ อำเภอโป่งน้ำร้อน จังหวัดจันทบุรี,จันทบุรี,โป่งน้ำร้อน,คลองใหญ่,86,7.3,20,0.1,0,2.9,0.2,< 4,< 0.4,0.0,0.0,0.0,0.0,2,< 1.5,0,12,0.0,0.00,< 0.9,8,0,13,,,,,,
2565,6009F003,บ้านเนินสถิต ตำบลนายายอาม อำเภอนายายอาม จังหวัดจันทบุรี,จันทบุรี,นายายอาม,นายายอาม,-,7.6,"2,640",0.3,-,170,27,430,1.0,3.3,1.3,-,-,560,430,0,291,0.2,-,< 0.9,530,290,"1,720",,,,,,
2565,6009F003,บ้านเนินสถิต ตำบลนายายอาม อำเภอนายายอาม จังหวัดจันทบุรี,จันทบุรี,นายายอาม,นายายอาม,-,7.7,"1,460",12,-,63,16,280,0.73,32,0.8,-,-,180,160,0,438,0.4,-,2.5,220,0,949,,,,,,
2565,5909B023,บ้านห้วงหิน ตำบลนายายอาม อำเภอนายายอาม จังหวัดจันทบุรี,จันทบุรี,นายายอาม,นายายอาม,-,8.4,"2,660",2.0,-,12,12,650,4.2,0.2,0.0,-,-,360,370,67,486,0.5,-,< 0.9,78,0,"1,730",,,,,,
2565,6409E006,บ้านคลองหลอด บ่อที่ 1 ตำบลท่าช้าง อำเภอเมืองจันทบุรี จังหวัดจันทบุรี,จันทบุรี,เมืองจันทบุรี,ท่าช้าง,62,6.8,297,0.1,-,4.6,0.9,62,2.6,7.7,0.1,0.0,3.3,2,22,0,153,0.2,-,< 0.9,15,0,193,,,,,,
2564,6309C013,บ้านใหม่รวมมิตร (จุดที่3 ) ตำบลทุ่งขนาน อำเภอสอยดาว จังหวัดจันทบุรี,จันทบุรี,สอยดาว,ทุ่งขนาน,100,7.2,965,-,-,110,42,49,0.56,0.7,0.1,-,-,46,21,0,561,0.3,0.00,< 0.9,450,0,627,,,,,,
2564,6109F021,ทัณฑสถานเปิดทุ่งเบญจา หมู่บ้านเนินดินแดง ตำบลทุ่งเบญจา อำเภอท่าใหม่ จังหวัดจันทบุรี,จันทบุรี,ท่าใหม่,ทุ่งเบญจา,80,7.4,189,-,-,32,0.8,9.7,4.6,0.1,0.1,0.0,0.2,4,44,0,65,0.5,-,< 0.9,84,30,123,,,,,,
2562,5943G008,นายบัญฑูล ศรีสวัสดิ์ ตำบลบ่อเวฬุ อำเภอขลุง จังหวัดจันทบุรี,จันทบุรี,ขลุง,บ่อเวฬุ,51.5,7.9,134,-,-,15,5.8,6,0.8,2.8,0.1,0.0,0.0,< 1,2.0,0,80,0.2,0.00,< 0.9,62,0,87,,,,,,
2565,5909B017,บ้านเนินกระบก ตำบลแก่งหางแมว อำเภอแก่งหางแมว จังหวัดจันทบุรี,จันทบุรี,แก่งหางแมว,แก่งหางแมว,-,7.5,490,2.8,-,61,16,26,0.39,0.0,0.0,-,-,< 1,10,0,321,0.2,-,< 0.9,220,0,318,,,,,,
2565,5909B017,บ้านเนินกระบก ตำบลแก่งหางแมว อำเภอแก่งหางแมว จังหวัดจันทบุรี,จันทบุรี,แก่งหางแมว,แก่งหางแมว,-,7.5,498,2.3,-,64,14,26,0.35,0.2,0.4,-,-,< 1,11,0,328,0.2,-,< 0.9,220,0,324,,,,,,
2564,6409F006,เทศบาลตำบลปัถวี บ่อที่ 2 ตำบลปัถวี อำเภอมะขาม จังหวัดจันทบุรี,จันทบุรี,มะขาม,ปัถวี,92,9.0,266,-,-,28,11,24,2.8,14,1.9,-,-,5,8.0,63,58,0.2,-,22,110,0,173,,,,,,
2564,6309G068,โรงเรียนตำรวจตระเวนชายแดนบ้านคลองมะลิประเวศน์วิทยา ตำบลอ่างคีรี อำเภอมะขาม จังหวัดจันทบุรี,จันทบุรี,มะขาม,อ่างคีรี,92,7.9,236,-,-,33,12,8.9,1.0,3.7,0.6,-,-,1,8.0,0,155,0.4,-,< 0.9,130,7,153,,,,,,
2568,5409D023,โรงเรียนตำรวจตระเวนชายแดนสิงคโปร์แอร์ไลน์เฉลิมพระเกียรติ (บ่อที่2) บ้านหนองบอน ตำบลทุ่งขนาน อำเภอสอยดาว จังหวัดจันทบุรี,จันทบุรี,สอยดาว,ทุ่งขนาน,-,7.8,448,0.2,-,49,14,33,0.57,0.0,0.0,0.0,0.0,8,23,0,244,0.1,-,3.0,180,0,291,,,,,,
2564,6309C014,บ้านเขานมนาง ตำบลทุ่งขนาน อำเภอสอยดาว จังหวัดจันทบุรี,จันทบุรี,สอยดาว,ทุ่งขนาน,100,7.0,"1,450",-,-,140,110,65,1.5,0.3,0.1,-,-,100,78,0,796,0.5,0.00,< 0.9,800,150,942,,,,,,
2564,6309G062,โรงเรียนบ้านทรัพย์เจริญ ตำบลสะตอน อำเภอสอยดาว จังหวัดจันทบุรี,จันทบุรี,สอยดาว,สะตอน,28.32,7.6,"1,020",-,-,110,39,45,0.90,2.3,0.6,0.0,0.0,25,62,0,610,0.4,0.07,< 0.9,440,0,663,,,,,,
2564,6409E006,บ้านคลองหลอด บ่อที่ 1 ตำบลท่าช้าง อำเภอเมืองจันทบุรี จังหวัดจันทบุรี,จันทบุรี,เมืองจันทบุรี,ท่าช้าง,62,7.6,341,-,-,36,1.6,35,0.60,0.5,0.3,-,-,2,48,0,148,0.0,-,< 0.9,97,0,222,,,,,,
2562,6209E010,บ้านเจริญสุข ตำบลแก่งหางแมว อำเภอแก่งหางแมว จังหวัดจันทบุรี,จันทบุรี,แก่งหางแมว,แก่งหางแมว,104,7.7,940,-,-,48,61,82,1.2,0.7,0.1,-,-,11,51,0,537,0.7,0.01,8.6,370,0,611,,,,,,
2564,6309G068,โรงเรียนตำรวจตระเวนชายแดนบ้านคลองมะลิประเวศน์วิทยา บ้านคลองมะลิ ตำบลอ่างคีรี อำเภอมะขาม จังหวัดจันทบุรี,จันทบุรี,มะขาม,อ่างคีรี,92,7.5,261,-,-,33,3.4,21,1.9,0.0,0.0,-,-,17,6.4,0,152,0.4,-,1.0,96,0,170,,,,,,
2564,6409E006,บ้านคลองหลอด บ่อที่1 ตำบลท่าช้าง อำเภอเมืองจันทบุรี จังหวัดจันทบุรี,จันทบุรี,เมืองจันทบุรี,ท่าช้าง,62,5.6,220,-,-,7.4,7.4,29,7.5,0.1,0.4,-,-,2,41,0,74,0.1,-,< 0.9,49,0,143,,,,,,
2564,6309D045,บ้านห้วงปลาดุก บ่อที่ 5 ตำบลนายายอาม อำเภอนายายอาม จังหวัดจันทบุรี,จันทบุรี,นายายอาม,นายายอาม,92,6.7,212,-,-,28,3.1,12,2.0,0.0,0.0,-,-,< 1,4.4,0,105,0.1,0.03,13,83,0,138,,,,,,
2564,6309D041,บ้านห้วงปลาดุก บ่อที่ 2 ตำบลนายายอาม อำเภอนายายอาม จังหวัดจันทบุรี,จันทบุรี,นายายอาม,นายายอาม,80,7.5,320,-,-,49,13,9.0,0.84,0.1,0.0,-,-,15,4.4,0,192,0.2,0.00,3.1,180,20,208,,,,,,
2564,6309D047,บ้านห้วงปลาดุก บ่อที่ 6 ตำบลนายายอาม อำเภอนายายอาม จังหวัดจันทบุรี,จันทบุรี,นายายอาม,นายายอาม,92,7.4,210,-,-,26,5.5,9.3,2.4,0.0,0.1,-,-,23,4.0,0,90,0.1,0.00,1.9,87,13,136,,,,,,
2568,6509B005,เทศบาลตำบลปัถวี ตำบลปัถวี อำเภอมะขาม จังหวัดจันทบุรี,จันทบุรี,มะขาม,ปัถวี,74,6.8,359,16,-,48,5.8,23,1.5,32,1.1,0.0,0.5,2,5.2,0,227,0.1,-,6.0,140,0,233,,,,,,
2568,5943G054,วัดช้างข้าม ตำบลช้างข้าม อำเภอนายายอาม จังหวัดจันทบุรี,จันทบุรี,นายายอาม,ช้างข้าม,28,6.4,"56,200",-,-,"2,000","1,500","9,400",98,14,6.5,0.1,0.0,"2,900","22,000",0,544,0.0,0.00,1.7,"11,000","11,000","36,500",,,,,,
2564,6409E007,บ้านคลองหลอด บ่อที่ 2 ตำบลท่าช้าง อำเภอเมืองจันทบุรี จังหวัดจันทบุรี,จันทบุรี,เมืองจันทบุรี,ท่าช้าง,62,7.7,269,-,-,3.7,7.4,56,1.6,1.0,0.1,-,-,5,30,0,129,0.2,-,< 0.9,40,0,175,,,,,,
2564,6409B009,ศูนย์พัฒนาเด็กเล็กเทศบาลตำบลซึ้ง บ่อที่ 2 ตำบลซึ้ง อำเภอขลุง จังหวัดจันทบุรี,จันทบุรี,ขลุง,ซึ้ง,104,7.2,228,-,-,32,3.5,16,1.7,0.5,0.2,-,-,1,5.2,0,164,0.2,-,< 0.9,94,0,148,,,,,,
2564,6409B009,ศูนย์พัฒนาเด็กเล็กเทศบาลตำบลซึ้ง ตำบลซึ้ง อำเภอขลุง จังหวัดจันทบุรี,จันทบุรี,ขลุง,ซึ้ง,104,7.5,61,-,-,9.0,2.5,3.3,2.3,0.0,0.0,-,-,1,10,0,30,0.0,-,8.9,33,8,40,,,,,,
2564,6309G069,ทัณฑสถานเปิดทุ่งเบญจา ตำบลทุ่งเบญจา อำเภอท่าใหม่ จังหวัดจันทบุรี,จันทบุรี,ท่าใหม่,ทุ่งเบญจา,104,6.1,116,-,-,14,5.5,5.0,3.7,3.9,0.3,-,-,5,6.4,0,65,0.2,-,3.8,58,4,75,,,,,,
2562,6209G002,บ้านสองห้อง ตำบลรำพัน อำเภอท่าใหม่ จังหวัดจันทบุรี,จันทบุรี,ท่าใหม่,รำพัน,62,7.0,781,-,-,37,18,110,1.3,0.0,0.0,-,-,35,120,0,209,0.3,-,2.1,170,0,508,,,,,,
2562,6109C039,บ้านซำปลาไหล ตำบลสองพี่น้อง อำเภอท่าใหม่ จังหวัดจันทบุรี,จันทบุรี,ท่าใหม่,สองพี่น้อง,92,7.2,200,-,-,27,2.2,10,2.6,0.0,0.1,-,-,< 1,11,0,98,0.1,-,8.5,76,0,130,,,,,,
2565,6509A018,บ้านคลองขวาง ตำบลแสลง อำเภอเมืองจันทบุรี จังหวัดจันทบุรี,จันทบุรี,เมืองจันทบุรี,แสลง,62,6.8,147,0.2,-,17,2.6,8.9,1.0,1.5,0.1,0.0,0.0,3,4.0,0,90,0.1,-,< 0.9,54,0,96,,,,,,
2565,6509A017,บ้านคลองขวาง ตำบลแสลง อำเภอเมืองจันทบุรี จังหวัดจันทบุรี,จันทบุรี,เมืองจันทบุรี,แสลง,80,6.7,161,7.3,-,16,4.8,10,1.3,0.4,0.1,0.0,0.0,3,3.6,0,102,0.1,-,< 0.9,60,0,105,,,,,,
2565,6409B009,ศูนย์พัฒนาเด็กเล็กเทศบาลตำบลซึ้ง บ่อที่ 2 ตำบลซึ้ง อำเภอขลุง จังหวัดจันทบุรี,จันทบุรี,ขลุง,ซึ้ง,104,7.3,227,9.2,-,33,4.5,9.3,0.87,0.4,0.2,0.0,2.6,2,2.0,0,150,0.1,-,< 0.9,100,0,148,,,,,,
2562,6209F015,โรงเรียนวัดโป่งแรด (ปคุณวิทยาคาร) ตำบลพลับพลา อำเภอเมืองจันทบุรี จังหวัดจันทบุรี,จันทบุรี,เมืองจันทบุรี,พลับพลา,70,6.9,251,-,-,31,12,6,1.9,8.6,0.2,-,-,2,4.8,0,161,0.1,0.00,< 0.9,130,0,163,,,,,,
2562,6209A015,โรงเรียนบ้านวังตัก ตำบลฉมัน อำเภอมะขาม จังหวัดจันทบุรี,จันทบุรี,มะขาม,ฉมัน,68,8.2,187,-,-,30,2.3,5,1.2,2.2,0.6,-,-,1,5.6,0,117,0.1,0.00,< 0.9,85,0,122,,,,,,
2563,6209H042,บ้านเนินตะบก ตำบลแก่งหางแมว อำเภอแก่งหางแมว จังหวัดจันทบุรี,จันทบุรี,แก่งหางแมว,แก่งหางแมว,74,8.2,373,-,-,26,16,40,4.1,0.0,0.0,-,-,12,18,0,216,0.3,0.00,< 0.9,130,0,242,,,,,,
2564,6309F056,บ้านสระบาปบน ตำบลคลองนารายณ์ อำเภอเมืองจันทบุรี จังหวัดจันทบุรี,จันทบุรี,เมืองจันทบุรี,คลองนารายณ์,80,6.9,272,-,-,34,5.3,20,5.1,0.0,0.1,-,-,< 1,6.4,0,190,1.4,-,< 0.9,110,0,177,,,,,,
2563,5909A026,บ้านเนินมณฑา ตำบลกระแจะ อำเภอนายายอาม จังหวัดจันทบุรี,จันทบุรี,นายายอาม,กระแจะ,36,7.1,414,-,-,65,8.5,15,0.92,1.6,0.4,0.0,0.0,2,3.6,0,268,0.1,-,< 0.9,200,0,269,,,,,,
2563,6109B002,บ้านหมื่นซ่อง ตำบลกระแจะ อำเภอนายายอาม จังหวัดจันทบุรี,จันทบุรี,นายายอาม,กระแจะ,38,7.0,488,-,-,81,12,13,0.62,2.8,0.4,0.0,2.9,4,4.4,0,333,0.1,-,< 0.9,250,0,317,,,,,,
2562,6109F039,บ้านทุ่งตลาด ตำบลวังแซ้ม อำเภอมะขาม จังหวัดจันทบุรี,จันทบุรี,มะขาม,วังแซ้ม,88,9.3,100,-,-,8.0,0.1,14,1.0,0.2,0.0,-,-,< 1,2.4,19,19,0.2,0.00,< 0.9,20,0,65,,,,,,
2562,6209D028,บ้านผ่านศึกเขต2 ตำบลผ่านศึก อำเภออรัญประเทศ จังหวัดสระแก้ว,สระแก้ว,อรัญประเทศ,ผ่านศึก,92,7.8,679,-,-,67,31,43,1.4,0.1,0.0,-,-,7,12,0,441,0.8,0.00,10,300,0,441,,,,,,
2562,6209D017,บ้านเขายายชุม ตำบลแกลง อำเภอเมืองระยอง จังหวัดระยอง,ระยอง,เมืองระยอง,แกลง,74,7.3,272,-,-,35,7.4,15,3.6,0.2,2.2,-,-,< 1,8.0,0,169,0.2,-,< 0.9,120,0,177,,,,,,
2565,6309G062,โรงเรียนบ้านทรัพย์เจริญ ตำบลสะตอน อำเภอสอยดาว จังหวัดจันทบุรี,จันทบุรี,สอยดาว,สะตอน,-,7.3,"1,080",-,-,97,36,60,0.80,0.0,0.1,0.0,0.0,30,61,0,532,0.4,0.02,< 0.9,390,0,702,,,,,,
2568,5409D023,โรงเรียนตำรวจตระเวนชายแดนสิงคโปร์แอร์ไลน์เฉลิมพระเกียรติ (บ่อที่2) บ้านหนองบอน ตำบลทุ่งขนาน อำเภอสอยดาว จังหวัดจันทบุรี,จันทบุรี,สอยดาว,ทุ่งขนาน,27,7.3,726,0.1,-,77,31,41,0.50,1.1,0.0,0.0,0.0,23,40,0,379,0.2,-,3.1,320,9,472,,,,,,
2562,6209A013,โรงเรียนบ้านหนองบอน ตำบลคลองใหญ่ อำเภอโป่งน้ำร้อน จังหวัดจันทบุรี,จันทบุรี,โป่งน้ำร้อน,คลองใหญ่,86,8.1,963,-,-,47,30,170,2.1,0.4,0.0,-,-,46,24,0,656,0.8,0.00,< 0.9,240,0,626,,,,,,
2562,6209A016,โรงเรียนวัดทุ่งเบญจา ตำบลทุ่งเบญจา อำเภอท่าใหม่ จังหวัดจันทบุรี,จันทบุรี,ท่าใหม่,ทุ่งเบญจา,62,6.4,16,0.0,0,1.8,0.0,< 4,0.8,0.0,0.0,0.0,0.0,1,< 1.5,0,9,0.0,0.00,< 0.9,< 5,0,10,,,,,,
2563,6309F006,บ้านหนองหงส์ ตำบลสนามไชย อำเภอนายายอาม จังหวัดจันทบุรี,จันทบุรี,นายายอาม,สนามไชย,80,7.0,438,-,-,26,7.9,55,2.2,0.0,0.0,0.0,0.0,2,58,0,162,0.2,-,< 0.9,98,0,285,,,,,,
2562,6209A016,โรงเรียนวัดทุ่งเบญจา ตำบลทุ่งเบญจา อำเภอท่าใหม่ จังหวัดจันทบุรี,จันทบุรี,ท่าใหม่,ทุ่งเบญจา,62,8.5,280,-,-,38,8.8,12,0.8,0.4,0.3,-,-,< 1,8.0,18,146,0.1,0.13,< 0.9,130,0,182,,,,,,
2562,6209A013,โรงเรียนบ้านหนองบอน ตำบลคลองใหญ่ อำเภอโป่งน้ำร้อน จังหวัดจันทบุรี,จันทบุรี,โป่งน้ำร้อน,คลองใหญ่,86,8.3,282,-,-,38,9.0,12,0.7,2.2,0.2,-,-,< 1,6.4,11,157,0.1,0.03,< 0.9,130,0,183,,,,,,
2566,6309F058,บ้านเนินมณฑา บ่อที่ 3 ตำบลกระแจะ อำเภอนายายอาม จังหวัดจันทบุรี,จันทบุรี,นายายอาม,กระแจะ,74,6.6,953,> 20,-,93,22,67,1.3,4.9,0.3,0.0,2.2,20,150,0,279,0.1,-,1.5,320,92,619,,,,,,
2568,5809D041,วัดหนองปลาไหล บ้านดอน ตำบลวังสรรพรส อำเภอขลุง จังหวัดจันทบุรี,จันทบุรี,ขลุง,วังสรรพรส,-,5.9,58,4.4,-,5.0,2.5,5.1,0.18,0.3,0.0,0.0,0.0,1,< 1.5,0,33,0.1,0.00,3.8,23,0,38,,,,,,
2568,5709E041,โรงเรียนบ้านคลองลาว จุด 1 ตำบลวังใหม่ อำเภอนายายอาม จังหวัดจันทบุรี,จันทบุรี,นายายอาม,วังใหม่,,7.0,521,4.1,-,75,17,17,0.48,0.0,0.1,0.0,0.0,3,5.6,0,349,0.2,0.00,< 0.9,260,0,339,,,,,,
2568,6009G057,โรงเรียนวัดแก่งหางแมว ตำบลแก่งหางแมว อำเภอแก่งหางแมว จังหวัดจันทบุรี,จันทบุรี,แก่งหางแมว,แก่งหางแมว,-,5.7,173,0.6,-,14,8.7,12,0.98,0.0,0.0,0.0,0.0,2,11,0,88,0.3,0.00,3.2,70,0,112,,,,,,
2568,6409B010,ศูนย์พัฒนาเด็กเล็กเทศบาลตำบลซึ้ง ตำบลซึ้ง อำเภอขลุง จังหวัดจันทบุรี,จันทบุรี,ขลุง,ซึ้ง,-,6.6,114,2.6,-,15,1.5,6.5,1.3,3.5,0.0,0.0,0.4,5,6.0,0,56,0.1,0.00,5.2,44,0,74,,,,,,
2563,6309H007,บ้านตรอกประดู่ ตำบลสนามไชย อำเภอนายายอาม จังหวัดจันทบุรี,จันทบุรี,นายายอาม,สนามไชย,104,6.9,225,> 20,-,20,7.3,21,1.7,0.0,0.0,0.0,0.0,< 1,6.0,0,133,0.2,-,< 0.9,81,0,146,,,,,,
2563,6309H006,บ้านหนองหงส์ ตำบลสนามไชย อำเภอนายายอาม จังหวัดจันทบุรี,จันทบุรี,นายายอาม,สนามไชย,56,7.4,409,-,-,48,19,15,0.95,0.0,0.0,0.0,0.0,1,6.8,0,241,0.4,-,14,200,0,266,,,,,,
2565,6409G048,บ้านหนองคล้า บ่อที่ 1 ตำบลทุ่งเบญจา อำเภอท่าใหม่ จังหวัดจันทบุรี,จันทบุรี,ท่าใหม่,ทุ่งเบญจา,92,6.8,274,0.4,-,52,0.1,16,1.4,1.1,0.5,-,-,2,8.4,0,176,0.1,-,1.3,130,0,178,,,,,,
2562,6209G005,บ้านเขาตานก ตำบลแสลง อำเภอเมืองจันทบุรี จังหวัดจันทบุรี,จันทบุรี,เมืองจันทบุรี,แสลง,98,7.3,155,-,-,14,3.6,16,3.2,1.1,0.2,-,-,8,< 1.5,0,83,1.4,-,11,49,0,101,,,,,,
2568,6809B001,บ้านเขากะแจะ กลุ่มที่ 1 ตำบลแสลง อำเภอเมืองจันทบุรี จังหวัดจันทบุรี,จันทบุรี,เมืองจันทบุรี,แสลง,102,6.4,247,1.0,-,26,4.9,16,3.7,3.5,0.3,0.0,1.2,12,8.0,0,124,0.2,-,< 0.9,86,0,161,,,,,,
2564,6309F062,หมู่บ้านคชานุรักษ์ ตำบลพวา อำเภอแก่งหางแมว จังหวัดจันทบุรี,จันทบุรี,แก่งหางแมว,พวา,62,7.7,252,-,-,24,14,9.9,14,5.6,0.6,-,-,7,6.8,0,151,1.4,-,< 0.9,120,0,164,,,,,,
2565,5909A029,บ้านคลองขนุน ตำบลโป่งน้ำร้อน อำเภอโป่งน้ำร้อน จังหวัดจันทบุรี,จันทบุรี,โป่งน้ำร้อน,โป่งน้ำร้อน,-,8.4,147,> 20,-,12,8.2,4.0,1.0,0.0,0.0,-,-,1,3.6,18,53,0.2,-,< 0.9,64,0,96,,,,,,
2565,5909A029,บ้านคลองขนุน ตำบลโป่งน้ำร้อน อำเภอโป่งน้ำร้อน จังหวัดจันทบุรี,จันทบุรี,โป่งน้ำร้อน,โป่งน้ำร้อน,-,8.1,127,3.8,-,11,6.3,6.0,1.0,0.0,0.0,-,-,2,5.6,0,78,0.3,-,< 0.9,54,0,83,,,,,,
2565,6409F006,เทศบาลตำบลปัถวี บ่อที่2 ตำบลปัถวี อำเภอมะขาม จังหวัดจันทบุรี,จันทบุรี,มะขาม,ปัถวี,92,6.5,297,5.9,-,37,4.6,45,1.4,7.2,1.4,0.0,0.6,5,7.6,0,193,0.1,-,20,110,0,193,,,,,,
2564,6309G049,สำนักสงฆ์บ้านซอยสุขสันต์ ตำบลทับช้าง อำเภอสอยดาว จังหวัดจันทบุรี,จันทบุรี,สอยดาว,ทับช้าง,29.4,7.8,994,-,-,87,52,98,0.50,1.2,0.3,0.0,0.0,35,58,0,610,0.7,0.00,< 0.9,430,0,646,,,,,,
2564,6309G048,สำนักสงฆ์บ้านซอยสุขสันต์ ตำบลทับช้าง อำเภอสอยดาว จังหวัดจันทบุรี,จันทบุรี,สอยดาว,ทับช้าง,30.18,7.7,"1,030",-,-,110,48,62,0.50,0.7,0.1,0.0,0.0,36,85,0,578,0.7,0.00,< 0.9,480,5,670,,,,,,
2568,6809B007,บ้านวังแซ้ม (บ่อแก้) ตำบลวังแซ้ม อำเภอมะขาม จังหวัดจันทบุรี,จันทบุรี,มะขาม,วังแซ้ม,92,6.8,235,1.7,-,31,4.1,14,1.5,1.7,0.2,0.0,0.0,1,1.6,0,151,0.2,-,< 0.9,94,0,153,,,,,,
2564,6309G050,โรงเรียนบ้านทรัพย์เจริญ ตำบลสะตอน อำเภอสอยดาว จังหวัดจันทบุรี,จันทบุรี,สอยดาว,สะตอน,68.4,7.8,982,-,-,100,55,60,1.1,1.8,0.0,0.0,0.0,18,46,0,639,0.4,0.00,< 0.9,480,0,638,,,,,,
2564,6309G063,โรงเรียนบ้านทรัพย์เจริญ ตำบลสะตอน อำเภอสอยดาว จังหวัดจันทบุรี,จันทบุรี,สอยดาว,สะตอน,74,8.1,"1,070",-,-,90,25,100,0.50,0.0,0.1,0.0,0.0,66,78,0,541,0.8,0.00,< 0.9,330,0,696,,,,,,
2564,6409F006,เทศบาลตำบลปัถวี บ่อที่ 2 ตำบลปัถวี อำเภอมะขาม จังหวัดจันทบุรี,จันทบุรี,มะขาม,ปัถวี,92,9.1,232,-,-,30,4.2,20,2.4,16,1.9,-,-,2,8.8,61,39,0.2,-,6.0,92,0,151,,,,,,
2562,6209A017,โรงเรียนบ้านชากไทย (จงจินต์ประชานุเคราะห์) ตำบลชากไทย อำเภอเขาคิชฌกูฏ จังหวัดจันทบุรี,จันทบุรี,เขาคิชฌกูฏ,ชากไทย,100,7.8,16,0.3,0,2.2,0.5,< 4,0.7,0.1,0.0,0.0,0.0,< 1,< 1.5,0,13,0.0,0.00,< 0.9,8,0,10,,,,,,
2562,6209A017,โรงเรียนบ้านชากไทย (จงจินต์ประชานุเคราะห์) ตำบลชากไทย อำเภอเขาคิชฌกูฏ จังหวัดจันทบุรี,จันทบุรี,เขาคิชฌกูฏ,ชากไทย,100,7.2,234,-,-,29,4.9,13,5.2,1.1,0.4,0.0,21,4,1.6,0,153,0.5,0.00,< 0.9,92,0,152,,,,,,
2565,6409G048,บ้านหนองคล้า บ่อที่ 1 ตำบลทุ่งเบญจา อำเภอท่าใหม่ จังหวัดจันทบุรี,จันทบุรี,ท่าใหม่,ทุ่งเบญจา,92,7.7,288,4.6,-,44,5.2,6.2,1.1,0.0,0.0,-,-,1,7.6,0,173,0.1,-,4.3,130,0,187,,,,,,
2562,6209A015,โรงเรียนบ้านวังตัก ตำบลฉมัน อำเภอมะขาม จังหวัดจันทบุรี,จันทบุรี,มะขาม,ฉมัน,68,6.4,8,0.1,0,0.0,0.3,< 4,0.4,0.0,0.0,0.0,0.0,< 1,< 1.5,0,4,0.0,0.00,< 0.9,< 5,0,5,,,,,,
2562,6209A015,โรงเรียนบ้านวังตัก ตำบลฉมัน อำเภอมะขาม จังหวัดจันทบุรี,จันทบุรี,มะขาม,ฉมัน,68,7.5,259,-,-,39,6.0,15,0.4,0.2,0.6,-,-,2,< 1.5,0,183,0.2,0.00,< 0.9,120,0,168,,,,,,
2562,6209F015,โรงเรียนวัดโป่งแรด (ปคุณวิทยาคาร) ตำบลพลับพลา อำเภอเมืองจันทบุรี จังหวัดจันทบุรี,จันทบุรี,เมืองจันทบุรี,พลับพลา,70,6.5,10,0.1,0,1.1,0.1,< 4,0.4,0.0,0.0,0.0,0.0,< 1,< 1.5,0,6,0.0,0.00,< 0.9,< 5,0,6,,,,,,
2562,6209F016,โรงเรียนบ้านน้ำตกพลิ้ว (เฉลิมพงษ์ราษฎร์พิทยาคาร) ตำบลพลิ้ว อำเภอแหลมสิงห์ จังหวัดจันทบุรี,จันทบุรี,แหลมสิงห์,พลิ้ว,74,7.2,210,-,-,20,8.3,15,3.8,1.3,0.1,-,-,2,2.8,0,139,1.4,0.00,< 0.9,85,0,136,,,,,,
2562,6209F016,โรงเรียนบ้านน้ำตกพลิ้ว (เฉลิมพงษ์ราษฎร์พิทยาคาร) ตำบลพลิ้ว อำเภอแหลมสิงห์ จังหวัดจันทบุรี,จันทบุรี,แหลมสิงห์,พลิ้ว,74,6.8,19,0.5,0,1.8,0.3,< 4,1.1,0.0,0.0,0.0,0.0,< 1,< 1.5,0,12,0.0,0.00,< 0.9,6,0,12,,,,,,
2563,6309F004,บ้านตรอกประดู่ ตำบลสนามไชย อำเภอนายายอาม จังหวัดจันทบุรี,จันทบุรี,นายายอาม,สนามไชย,92,7.3,274,-,-,32,6.1,19,4.3,0.8,0.2,0.0,0.0,2,4.8,0,174,0.6,-,1.2,110,0,178,,,,,,
2564,6409E007,บ้านคลองหลอด บ่อที่ 2 ตำบลท่าช้าง อำเภอเมืองจันทบุรี จังหวัดจันทบุรี,จันทบุรี,เมืองจันทบุรี,ท่าช้าง,62,7.4,146,-,-,7.0,4.3,23,4.4,2.2,0.3,-,-,2,34,0,51,0.0,-,1.2,35,0,95,,,,,,
2565,5509A048,ประปาหมู่บ้านหมูดุด ตำบลคลองขุด อำเภอท่าใหม่ จังหวัดจันทบุรี,จันทบุรี,ท่าใหม่,คลองขุด,-,7.7,589,> 20,-,94,8.7,15,1.9,2.9,0.4,-,-,31,40,0,287,0.1,-,< 0.9,270,35,383,,,,,,
2567,6309H007,บ้านตรอกประดู่ ตำบลสนามไชย อำเภอนายายอาม จังหวัดจันทบุรี,จันทบุรี,นายายอาม,สนามไชย,104,7.6,405,3.2,-,28,8.3,48,1.5,0.1,0.1,0.0,0.2,9,44,0,148,0.3,-,< 0.9,100,0,263,,,,,,
2568,6309H007,บ้านตรอกประดู่ (บ่อพัฒนา) ตำบลสนามไชย อำเภอนายายอาม จังหวัดจันทบุรี,จันทบุรี,นายายอาม,สนามไชย,104,7.5,236,0.8,-,25,4.8,20,1.5,0.0,0.0,0.0,0.1,1,13,0,127,0.1,-,< 0.9,82,0,153,,,,,,
2568,5809G045,วัดมาบโอน ตำบลเขาบายศรี อำเภอท่าใหม่ จังหวัดจันทบุรี,จันทบุรี,ท่าใหม่,เขาบายศรี,-,5.2,56,0.4,-,7.2,1.5,2.7,1.1,0.1,0.5,0.0,0.8,1,4.8,0,25,0.1,0.00,7.5,24,4,36,,,,,,
2568,5809G043,ทางเข้าเขื่อนจันทวรรณ บ้านคลองกะพง ตำบลเขาบายศรี อำเภอท่าใหม่ จังหวัดจันทบุรี,จันทบุรี,ท่าใหม่,เขาบายศรี,-,6.3,149,> 20,-,19,2.5,10,2.6,9.8,0.1,0.0,0.0,6,4.4,0,91,0.3,0.00,3.6,57,0,97,,,,,,
2568,5809G045,วัดมาบโอน ตำบลเขาบายศรี อำเภอท่าใหม่ จังหวัดจันทบุรี,จันทบุรี,ท่าใหม่,เขาบายศรี,-,5.0,55,0.2,-,5.6,2.8,2.7,1.1,0.1,0.5,0.0,0.8,1,5.2,0,25,0.1,0.00,8.2,26,5,36,,,,,,
2568,5609G042,หลัง ศพด. เขาบายศรี บ้านยางระหง ตำบลเขาบายศรี อำเภอท่าใหม่ จังหวัดจันทบุรี,จันทบุรี,ท่าใหม่,เขาบายศรี,-,6.6,234,3.6,-,37,1.1,12,5.7,1.6,0.0,0.0,0.0,3,4.4,0,161,0.7,0.00,2.0,98,0,152,,,,,,
2568,5609G042,หลัง ศพด. เขาบายศรี บ้านยางระหง ตำบลเขาบายศรี อำเภอท่าใหม่ จังหวัดจันทบุรี,จันทบุรี,ท่าใหม่,เขาบายศรี,-,6.6,235,7.6,-,38,1.2,12,5.8,6.1,0.2,0.0,0.1,3,4.8,0,159,0.7,0.00,2.7,99,0,153,,,,,,
2568,5809G043,ทางเข้าเขื่อนจันทวรรณ บ้านคลองกะพง ตำบลเขาบายศรี อำเภอท่าใหม่ จังหวัดจันทบุรี,จันทบุรี,ท่าใหม่,เขาบายศรี,-,6.1,154,16,-,18,4.6,10,2.6,7.1,0.3,0.0,0.0,6,5.2,0,86,0.3,0.00,1.5,64,0,100,,,,,,
2568,5809G047,บ้านเขาสุกิม ตำบลเขาบายศรี อำเภอท่าใหม่ จังหวัดจันทบุรี,จันทบุรี,ท่าใหม่,เขาบายศรี,-,7.0,193,0.2,-,23,1.8,14,10,0.6,0.0,0.0,0.1,3,9.2,0,105,0.7,0.00,< 0.9,65,0,125,,,,,,
2565,6409E006,บ้านคลองหลอด บ่อที่ 1 ตำบลท่าช้าง อำเภอเมืองจันทบุรี จังหวัดจันทบุรี,จันทบุรี,เมืองจันทบุรี,ท่าช้าง,62,7.0,244,2.7,-,1.9,1.6,57,2.5,3.4,0.2,0.0,1.7,2,22,0,120,0.3,-,< 0.9,11,0,159,,,,,,
2568,6709B048,บ้านเขากะแจะ กลุ่มที่ 1 ตำบลแสลง อำเภอเมืองจันทบุรี จังหวัดจันทบุรี,จันทบุรี,เมืองจันทบุรี,แสลง,102,6.5,159,1.0,-,19,2.9,9.7,2.7,2.0,0.2,0.0,1.3,1,4.8,0,91,0.2,-,< 0.9,60,0,103,,,,,,
2568,6709B049,บ้านเขากะแจะ กลุ่มที่ 2 ตำบลแสลง อำเภอเมืองจันทบุรี จังหวัดจันทบุรี,จันทบุรี,เมืองจันทบุรี,แสลง,102,6.5,113,12,-,8.8,4.2,11,5.3,7.7,0.2,0.0,1.1,1,2.8,0,70,0.4,-,< 0.9,39,0,73,,,,,,
2568,5409D023,โรงเรียนตำรวจตระเวนชายแดนสิงคโปร์แอร์ไลน์เฉลิมพระเกียรติ (บ่อที่2) (บ้านหนองบอน) ตำบลทุ่งขนาน อำเภอสอยดาว จังหวัดจันทบุรี,จันทบุรี,สอยดาว,ทุ่งขนาน,-,6.7,170,0.1,-,13,1.8,24,0.86,0.0,0.0,0.0,0.0,< 1,12,0,93,0.1,-,< 0.9,39,0,110,,,,,,
2568,6309G068,โรงเรียนตำรวจตระเวนชายแดนบ้านคลองมะลิประเวศน์วิทยา ตำบลอ่างคีรี อำเภอมะขาม จังหวัดจันทบุรี,จันทบุรี,มะขาม,อ่างคีรี,92,6.3,185,11,-,22,5.2,12,0.57,18,0.5,0.0,0.6,1,4.8,0,114,0.2,-,< 0.9,75,0,120,,,,,,
2568,6109E054,โรงเรียนบ้านแก้ว บ้านดงชะมูล ตำบลท่าช้าง อำเภอเมืองจันทบุรี จังหวัดจันทบุรี,จันทบุรี,เมืองจันทบุรี,ท่าช้าง,-,5.9,123,> 20,-,7.8,3.4,12,0.52,15,0.1,0.0,0.0,15,9.6,0,33,0.1,0.00,6.1,34,6,80,,,,,,
2568,5409D023,โรงเรียนตำรวจตระเวนชายแดนสิงคโปร์แอร์ไลน์เฉลิมพระเกียรติ (บ่อที่2) บ้านหนองบอน ตำบลทุ่งขนาน อำเภอสอยดาว จังหวัดจันทบุรี,จันทบุรี,สอยดาว,ทุ่งขนาน,27,7.1,844,0.9,-,110,24,51,0.71,0.2,0.1,0.0,0.6,24,40,0,470,0.2,-,6.0,370,0,549,,,,,,
2568,6309G068,โรงเรียนตำรวจตระเวนชายแดนบ้านคลองมะลิประเวศน์วิทยา ตำบลอ่างคีรี อำเภอมะขาม จังหวัดจันทบุรี,จันทบุรี,มะขาม,อ่างคีรี,92,6.3,191,0.0,-,24,6.0,12,0.57,1.3,0.3,0.0,0.5,1,4.4,0,121,0.2,-,< 0.9,84,0,124,,,,,,
2564,6309D042,บ้านห้วงปลาดุก บ่อที่ 3 ตำบลนายายอาม อำเภอนายายอาม จังหวัดจันทบุรี,จันทบุรี,นายายอาม,นายายอาม,92,7.3,"1,560",-,-,130,56,170,2.4,0.0,0.0,-,-,720,4.0,0,203,0.3,0.00,5.8,550,390,"1,010",,,,,,
2568,6409E006,บ้านคลองหลอด บ่อที่ 1 ตำบลท่าช้าง อำเภอเมืองจันทบุรี จังหวัดจันทบุรี,จันทบุรี,เมืองจันทบุรี,ท่าช้าง,62,6.0,390,1.4,-,6.2,2.5,81,4.6,18,0.2,0.0,8.2,5,39,0,156,0.3,-,< 0.9,26,0,254,,,,,,
2564,6309G074,บ้านคลองพลู ตำบลคลองพลู อำเภอเขาคิชฌกูฏ จังหวัดจันทบุรี,จันทบุรี,เขาคิชฌกูฏ,คลองพลู,92,7.9,248,-,-,22,5.6,32,2.8,0.0,0.0,-,-,3,8.8,0,172,1.0,-,< 0.9,77,0,161,,,,,,
2564,6409B009,ศูนย์พัฒนาเด็กเล็กเทศบาลตำบลซึ้ง บ่อที่ 2 ตำบลซึ้ง อำเภอขลุง จังหวัดจันทบุรี,จันทบุรี,ขลุง,ซึ้ง,104,8.0,262,-,-,29,6.6,22,2.6,1.4,0.3,-,-,1,6.4,0,189,0.2,-,< 0.9,100,0,170,,,,,,
2568,6109E055,โรงเรียนวัดตกพรม ตำบลตกพรม อำเภอขลุง จังหวัดจันทบุรี,จันทบุรี,ขลุง,ตกพรม,-,5.8,88,0.2,-,6.7,3.0,8.3,0.56,0.0,0.0,0.0,0.1,4,10,0,28,0.0,0.00,5.5,29,6,57,,,,,,
2568,6109E055,โรงเรียนวัดตกพรม ตำบลตกพรม อำเภอขลุง จังหวัดจันทบุรี,จันทบุรี,ขลุง,ตกพรม,-,5.3,90,0.3,-,7.7,3.1,8.4,0.56,2.2,0.0,0.0,0.1,4,10,0,29,0.0,0.00,5.3,32,8,58,,,,,,
2568,6409B009,ศูนย์พัฒนาเด็กเล็กเทศบาลตำบลซึ้ง ตำบลซึ้ง อำเภอขลุง จังหวัดจันทบุรี,จันทบุรี,ขลุง,ซึ้ง,-,5.9,114,2.5,-,14,2.7,6.6,1.3,3.4,0.0,0.0,0.4,5,4.8,0,58,0.1,0.00,5.1,45,0,74,,,,,,
2567,6309G069,เลขที่ 58 ตำบลท่าใหม่ อำเภอท่าใหม่ จังหวัดจันทบุรี,จันทบุรี,ท่าใหม่,ท่าใหม่,104,7.4,84,0.1,0,10,3.2,4.4,0.75,0.0,0.0,0.0,0.0,1,5.2,0,40,0.1,0.00,8.4,39,6,55,,,,,,
2568,5809G047,บ้านเขาสุกิม ตำบลเขาบายศรี อำเภอท่าใหม่ จังหวัดจันทบุรี,จันทบุรี,ท่าใหม่,เขาบายศรี,-,7.3,183,6.1,-,20,3.5,14,9.7,1.0,0.0,0.0,0.1,6,8.0,0,97,0.7,0.00,< 0.9,65,0,119,,,,,,
2568,5943G051,วัดนายายอาม ตำบลนายายอาม อำเภอนายายอาม จังหวัดจันทบุรี,จันทบุรี,นายายอาม,นายายอาม,48,6.0,124,-,-,8.5,2.4,14,0.26,0.2,0.1,0.0,0.0,1,11,0,40,0.0,0.00,13,31,0,81,,,,,,
2568,5943G053,วัดสำโรง ตำบลหนองตาคง อำเภอโป่งน้ำร้อน จังหวัดจันทบุรี,จันทบุรี,โป่งน้ำร้อน,หนองตาคง,34,7.0,"1,100",-,-,140,26,67,0.34,0.2,0.0,0.0,0.0,34,96,0,548,0.3,0.00,4.0,470,20,715,,,,,,
2568,5943G058,โรงเรียนบ้านสมเด็จเจ้าพระยาอุปถัมป์ ตำบลทรายขาว อำเภอสอยดาว จังหวัดจันทบุรี,จันทบุรี,สอยดาว,ทรายขาว,51,7.2,"1,210",-,-,120,58,61,1.1,0.6,0.2,0.0,0.0,36,98,0,635,0.4,0.00,< 0.9,550,25,786,,,,,,
2568,6509H008,บ้านหนองคล้า ตำบลทุ่งเบญจา อำเภอท่าใหม่ จังหวัดจันทบุรี,จันทบุรี,ท่าใหม่,ทุ่งเบญจา,-,7.1,349,20,-,51,9.8,11,1.0,2.0,0.4,0.0,0.7,2,2.0,0,221,0.2,0.00,1.2,170,0,227,,,,,,
2564,6309A065,บ้านห้วงปลาดุก บ่อที่ 3 ตำบลนายายอาม อำเภอนายายอาม จังหวัดจันทบุรี,จันทบุรี,นายายอาม,นายายอาม,,7.2,221,-,-,1.6,4.9,48,0.60,0.2,0.3,-,-,12,24,0,85,0.5,-,< 0.9,24,0,144,,,,,,
2564,PGS009,อบต.สีพยา ตำบลสีพยา อำเภอท่าใหม่ จังหวัดจันทบุรี,จันทบุรี,ท่าใหม่,สีพยา,,8.3,133,-,-,7.4,11,3.3,2.2,0.0,0.0,0.0,0.0,1,22,5,35,0.4,-,5.7,64,27,86,,,,,,
2562,6209D031,บ้านบะขมิ้น ตำบลโคกปี่ฆ้อง อำเภอเมืองสระแก้ว จังหวัดสระแก้ว,สระแก้ว,เมืองสระแก้ว,โคกปี่ฆ้อง,98,8.1,608,-,-,78,23,33,0.6,0.1,0.1,-,-,5,10,0,421,0.2,0.00,< 0.9,290,0,395,,,,,,
2562,6109B048,บ้านหนองห้าง ตำบลซึ้ง อำเภอขลุง จังหวัดจันทบุรี,จันทบุรี,ขลุง,ซึ้ง,62,7.4,"1,050",-,-,20,12,180,5.3,0.4,1.9,-,-,60,270,0,37,0.6,-,< 0.9,97,67,682,,,,,,
2562,6109B050,บ้านโป่งเจริญชัย ตำบลทับช้าง อำเภอสอยดาว จังหวัดจันทบุรี,จันทบุรี,สอยดาว,ทับช้าง,74,7.8,"1,060",-,-,41,60,140,1.4,0.0,0.6,-,-,15,73,0,617,0.8,-,< 0.9,350,0,689,,,,,,
2568,6409B010,ศูนย์พัฒนาเด็กเล็กเทศบาลตำบลซึ้ง ตำบลซึ้ง อำเภอขลุง จังหวัดจันทบุรี,จันทบุรี,ขลุง,ซึ้ง,-,6.6,114,2.6,-,15,1.5,6.5,1.3,3.5,0.0,0.0,0.4,5,6.0,0,56,0.1,0.00,5.2,44,0,74,,,,,,
2565,5909A030,บ้านคลองตาโนด ตำบลทับช้าง อำเภอสอยดาว จังหวัดจันทบุรี,จันทบุรี,สอยดาว,ทับช้าง,-,7.4,"1,100",13,-,83,68,110,0.59,0.4,0.0,-,-,26,35,0,717,0.5,-,4.6,490,0,715,,,,,,
2565,5909F026,บ้านจางวาง ตำบลหนองตาคง อำเภอโป่งน้ำร้อน จังหวัดจันทบุรี,จันทบุรี,โป่งน้ำร้อน,หนองตาคง,-,8.0,"1,460",0.3,-,14,25,330,0.20,0.0,0.0,-,-,72,59,0,780,1.3,-,< 0.9,140,0,949,,,,,,
2565,5909A030,บ้านคลองตาโนด ตำบลทับช้าง อำเภอสอยดาว จังหวัดจันทบุรี,จันทบุรี,สอยดาว,ทับช้าง,-,7.6,"1,400",0.2,-,42,45,250,0.50,2.1,0.1,-,-,110,67,0,754,1.0,-,< 0.9,290,0,910,,,,,,
2565,5909F026,บ้านจางวาง ตำบลหนองตาคง อำเภอโป่งน้ำร้อน จังหวัดจันทบุรี,จันทบุรี,โป่งน้ำร้อน,หนองตาคง,-,7.7,"1,410",0.1,-,32,32,280,0.50,2.0,0.1,-,-,100,63,0,677,1.0,-,< 0.9,210,0,916,,,,,,
2564,6409B010,ศูนย์พัฒนาเด็กเล็กเทศบาลตำบลซึ้ง บ่อที่ 3 ตำบลซึ้ง อำเภอขลุง จังหวัดจันทบุรี,จันทบุรี,ขลุง,ซึ้ง,104,8.2,211,-,-,22,13,1.8,6.1,0.1,0.0,-,-,10,16,0,113,0.7,-,0.9,110,14,137,,,,,,
2564,6409B010,ศูนย์พัฒนาเด็กเล็กเทศบาลตำบลซึ้ง บ่อที่ 3 ตำบลซึ้ง อำเภอขลุง จังหวัดจันทบุรี,จันทบุรี,ขลุง,ซึ้ง,104,8.2,211,-,-,22,13,1.8,6.1,0.1,0.0,-,-,10,16,0,113,0.7,-,0.9,110,14,137,,,,,,
2562,6209B006,บ้านคลองปรือ ตำบลฉมัน อำเภอมะขาม จังหวัดจันทบุรี,จันทบุรี,มะขาม,ฉมัน,70,7.5,304,-,-,47,9.1,8,1.4,4.3,0.6,-,-,2,< 1.5,0,194,0.2,-,3.4,150,0,198,,,,,,
2565,6409B010,ศูนย์พัฒนาเด็กเล็กเทศบาลตำบลซึ้ง บ่อที่ 3 ตำบลซึ้ง อำเภอขลุง จังหวัดจันทบุรี,จันทบุรี,ขลุง,ซึ้ง,104,7.2,140,16,-,25,0.5,3.7,1.0,0.3,0.1,0.0,16,2,7.2,0,82,0.2,-,< 0.9,64,0,91,,,,,,
2565,6409B010,ศูนย์พัฒนาเด็กเล็กเทศบาลตำบลซึ้ง บ่อที่ 3 ตำบลซึ้ง อำเภอขลุง จังหวัดจันทบุรี,จันทบุรี,ขลุง,ซึ้ง,104,7.2,140,16,-,25,0.5,3.7,1.0,0.3,0.1,0.0,16,2,7.2,0,82,0.2,-,< 0.9,64,0,91,,,,,,
2565,6409F007,เทศบาลตำบลปัถวี บ่อที่ 2 ตำบลปัถวี อำเภอมะขาม จังหวัดจันทบุรี,จันทบุรี,มะขาม,ปัถวี,100,7.4,512,1.4,-,85,5.0,28,1.5,1.1,0.5,0.0,0.0,3,6.4,0,343,0.2,-,7.2,230,0,333,,,,,,
2568,6709B051,บ้านเขากะแจะ กลุ่มที่ 2 ตำบลแสลง อำเภอเมืองจันทบุรี จังหวัดจันทบุรี,จันทบุรี,เมืองจันทบุรี,แสลง,102,6.4,174,> 20,-,17,2.5,16,4.2,3.6,0.3,0.0,0.1,4,6.0,0,104,0.5,-,< 0.9,52,0,113,,,,,,
2568,6009A033,โรงเรียนตำรวจตระเวนชายแดนบ้านบ่อชะอม ตำบลพวา อำเภอแก่งหางแมว จังหวัดจันทบุรี,จันทบุรี,แก่งหางแมว,พวา,-,6.8,58,0.2,-,8.8,1.3,3.3,0.69,0.0,0.0,0.0,0.0,1,< 1.5,0,39,0.1,-,< 0.9,27,0,38,,,,,,
2564,6409F007,เทศบาลตำบลปัถวี บ่อที่ 3 ตำบลปัถวี อำเภอมะขาม จังหวัดจันทบุรี,จันทบุรี,มะขาม,ปัถวี,100,8.6,250,-,-,30,3.8,30,2.1,1.2,0.6,-,-,< 1,4.4,45,101,0.3,-,9.0,91,0,162,,,,,,
2568,6009A033,โรงเรียนตำรวจตระเวนชายแดนบ้านบ่อชะอม ตำบลพวา อำเภอแก่งหางแมว จังหวัดจันทบุรี,จันทบุรี,แก่งหางแมว,พวา,74,6.2,203,0.4,-,34,3.5,2.9,0.48,7.9,0.2,0.0,0.0,2,< 1.5,0,123,0.3,-,< 0.9,99,0,132,,,,,,
2568,6009A033,โรงเรียนตำรวจตระเวนชายแดนบ้านบ่อชะอม ตำบลพวา อำเภอแก่งหางแมว จังหวัดจันทบุรี,จันทบุรี,แก่งหางแมว,พวา,74,6.2,205,6.4,-,33,5.5,3.1,0.47,26,0.3,0.1,0.0,1,2.8,0,124,0.3,-,< 0.9,110,4,133,,,,,,
2563,6309F003,บ้านตรอกประดู่ ตำบลสนามไชย อำเภอนายายอาม จังหวัดจันทบุรี,จันทบุรี,นายายอาม,สนามไชย,92,8.1,257,-,-,19,9.1,27,2.9,0.0,0.0,0.0,0.0,1,8.8,0,158,0.3,-,1.3,84,0,167,,,,,,
2565,6309F058,บ้านเนินมณฑา บ่อที่3 ตำบลกระแจะ อำเภอนายายอาม จังหวัดจันทบุรี,จันทบุรี,นายายอาม,กระแจะ,80,7.5,"3,760",2.2,-,270,84,400,1.8,6.5,0.3,-,-,18,"1,200",0,37,0.1,-,< 0.9,"1,000",990,"2,440",,,,,,
2565,6009A033,โรงเรียนตำรวจตระเวณชายแดนบ้านบ่อชะอม ตำบลพวา อำเภอแก่งหางแมว จังหวัดจันทบุรี,จันทบุรี,แก่งหางแมว,พวา,-,7.5,448,0.2,-,83,8.4,6.0,1.8,1.5,0.5,-,-,1,2.8,0,299,0.4,-,< 0.9,240,0,291,,,,,,
2567,6309F006,บ้านหนองหงส์ ตำบลสนามไชย อำเภอนายายอาม จังหวัดจันทบุรี,จันทบุรี,นายายอาม,สนามไชย,80,6.6,478,3.9,-,63,20,6.5,1.2,0.3,0.3,0.0,0.0,3,6.4,0,286,0.2,-,< 0.9,240,3,311,,,,,,
2568,6509H008,บ้านหนองคล้า ตำบลทุ่งเบญจา อำเภอท่าใหม่ จังหวัดจันทบุรี,จันทบุรี,ท่าใหม่,ทุ่งเบญจา,-,7.3,374,4.9,-,56,11,10,1.0,1.4,0.2,0.0,0.8,3,3.6,0,234,0.2,0.00,1.6,180,0,243,,,,,,
2568,6409B009,ศูนย์พัฒนาเด็กเล็กเทศบาลตำบลซึ้ง ตำบลซึ้ง อำเภอขลุง จังหวัดจันทบุรี,จันทบุรี,ขลุง,ซึ้ง,-,6.6,118,0.4,-,13,2.4,6.4,1.2,0.1,0.0,0.0,0.4,5,4.4,0,60,0.1,0.00,4.8,43,0,77,,,,,,
2568,5909G002,โรงเรียนวัดเวฬุวัน บ้านตันหาร ตำบลวังสรรพรส อำเภอขลุง จังหวัดจันทบุรี,จันทบุรี,ขลุง,วังสรรพรส,-,5.0,44,0.4,-,2.4,1.1,4.4,0.76,0.0,0.1,0.0,0.0,1,3.2,0,16,0.0,0.00,5.6,10,0,29,,,,,,
2568,5909G002,โรงเรียนวัดเวฬุวัน บ้านตันหาร ตำบลวังสรรพรส อำเภอขลุง จังหวัดจันทบุรี,จันทบุรี,ขลุง,วังสรรพรส,-,5.4,46,0.4,-,3.5,0.7,4.6,0.78,0.0,0.0,0.0,0.0,1,4.4,0,18,0.0,0.03,3.9,12,0,30,,,,,,
2563,5509C035,บ้านยางระหง ตำบลกระแจะ อำเภอนายายอาม จังหวัดจันทบุรี,จันทบุรี,นายายอาม,กระแจะ,104,7.1,154,-,-,13,4.6,14,0.80,0.2,0.0,0.0,0.1,6,12,0,67,0.1,-,1.9,51,0,100,,,,,,
2562,6109E055,โรงเรียนวัดตกพรม ตำบลตกพรม อำเภอขลุง จังหวัดจันทบุรี,จันทบุรี,ขลุง,ตกพรม,78,7.4,252,-,-,34,4.6,13,1.2,0.0,0.2,-,-,< 1,13,0,142,0.1,-,< 0.9,100,0,164,,,,,,
2565,6309G049,สำนักสงฆ์บ้านซอยสุขสันต์ ตำบลทับช้าง อำเภอสอยดาว จังหวัดจันทบุรี,จันทบุรี,สอยดาว,ทับช้าง,-,7.4,"1,100",-,-,60,45,100,0.73,1.6,0.2,0.0,0.0,36,52,0,557,0.7,0.01,< 0.9,340,0,715,,,,,,
2565,6309G050,โรงเรียนบ้านทรัพย์เจริญ ตำบลสะตอน อำเภอสอยดาว จังหวัดจันทบุรี,จันทบุรี,สอยดาว,สะตอน,-,7.2,"1,090",-,-,84,56,49,1.1,0.6,0.2,0.0,0.0,30,62,0,529,0.3,0.00,< 0.9,440,9,708,,,,,,
2562,6209A014,โรงเรียนบ้านใหม่ ตำบลโป่งน้ำร้อน อำเภอโป่งน้ำร้อน จังหวัดจันทบุรี,จันทบุรี,โป่งน้ำร้อน,โป่งน้ำร้อน,74,8.5,603,-,-,20,49,43,0.8,0.0,0.1,-,-,8,46,32,272,0.7,0.07,< 0.9,250,0,392,,,,,,
2562,6209A012,โรงเรียนบ้านคลองใหญ่ ตำบลคลองใหญ่ อำเภอโป่งน้ำร้อน จังหวัดจันทบุรี,จันทบุรี,โป่งน้ำร้อน,คลองใหญ่,80,8.1,444,-,-,37,21,29,0.5,0.6,0.1,-,-,27,26,0,203,0.2,0.20,17,180,11,289,,,,,,
2568,6709F029,บ้านคลองขวาง (บ่อที่ 2) ตำบลแสลง อำเภอเมืองจันทบุรี จังหวัดจันทบุรี,จันทบุรี,เมืองจันทบุรี,แสลง,84,5.7,161,16,-,17,4.8,4.7,2.7,1.8,0.2,0.0,0.0,2,< 1.5,0,94,0.2,-,< 0.9,62,0,105,,,,,,
2568,5909A029,ซอย 4 บ้านคลองขนุน ตำบลโป่งน้ำร้อน อำเภอโป่งน้ำร้อน จังหวัดจันทบุรี,จันทบุรี,โป่งน้ำร้อน,โป่งน้ำร้อน,-,6.5,138,0.3,-,11,10,5.7,2.1,0.0,0.0,0.0,0.0,1,4.0,0,77,0.1,0.00,8.6,68,5,90,,,,,,
2568,5909A029,ซอย 4 บ้านคลองขนุน ตำบลโป่งน้ำร้อน อำเภอโป่งน้ำร้อน จังหวัดจันทบุรี,จันทบุรี,โป่งน้ำร้อน,โป่งน้ำร้อน,-,5.6,138,0.1,-,12,6.5,5.8,2.1,0.0,0.0,0.0,0.0,1,4.8,0,75,0.1,0.00,8.1,56,0,90,,,,,,
2562,6209A012,โรงเรียนบ้านคลองใหญ่ ตำบลคลองใหญ่ อำเภอโป่งน้ำร้อน จังหวัดจันทบุรี,จันทบุรี,โป่งน้ำร้อน,คลองใหญ่,80,6.6,18,0.2,0,1.1,1.0,< 4,< 0.4,0.0,0.0,0.0,0.0,6,< 1.5,0,6,0.0,0.23,1.6,7,2,12,,,,,,
2562,6209A014,โรงเรียนบ้านใหม่ ตำบลโป่งน้ำร้อน อำเภอโป่งน้ำร้อน จังหวัดจันทบุรี,จันทบุรี,โป่งน้ำร้อน,โป่งน้ำร้อน,74,6.7,21,0.1,0,0.0,1.4,< 4,0.5,0.0,0.0,0.0,0.0,< 1,< 1.5,0,12,0.0,0.00,< 0.9,6,0,14,,,,,,
2562,6209A014,โรงเรียนบ้านใหม่ ตำบลโป่งน้ำร้อน อำเภอโป่งน้ำร้อน จังหวัดจันทบุรี,จันทบุรี,โป่งน้ำร้อน,โป่งน้ำร้อน,74,7.7,956,-,-,85,37,110,0.8,0.0,0.0,-,-,5,48,0,647,0.9,0.30,< 0.9,370,0,621,,,,,,
2568,6309G062,โรงเรียนบ้านทรัพย์เจริญ ตำบลสะตอน อำเภอสอยดาว จังหวัดจันทบุรี,จันทบุรี,สอยดาว,สะตอน,30,7.2,"1,350",-,-,110,49,140,1.4,0.1,0.1,0.0,0.0,58,120,0,668,0.3,0.00,< 0.9,480,0,878,,,,,,
2564,6309G069,ทัณฑสถานเปิดทุ่งเบญจา บ้านเนินดินแดง ตำบลทุ่งเบญจา อำเภอท่าใหม่ จังหวัดจันทบุรี,จันทบุรี,ท่าใหม่,ทุ่งเบญจา,104,7.1,175,-,-,24,0.1,17,5.9,0.6,0.0,-,-,9,5.2,0,103,0.4,-,1.6,60,0,114,,,,,,
2564,6409B009,ศูนย์พัฒนาเด็กเล็กเทศบาลตำบลซึ้ง บ่อที่ 2 ตำบลซึ้ง อำเภอขลุง จังหวัดจันทบุรี,จันทบุรี,ขลุง,ซึ้ง,104,7.9,738,-,-,52,30,20,< 0.02,0.0,0.0,-,-,6,8.8,0,366,0.7,-,< 0.9,250,0,480,,,,,,
2564,6409E007,บ้านคลองหลอด บ่อที่2 ตำบลท่าช้าง อำเภอเมืองจันทบุรี จังหวัดจันทบุรี,จันทบุรี,เมืองจันทบุรี,ท่าช้าง,62,7.2,707,-,-,16,10,140,2.4,1.3,0.3,-,-,16,82,0,334,0.7,-,< 0.9,82,0,460,,,,,,
2568,6709B047,บ้านเขากะแจะ กลุ่มที่ 1 ตำบลแสลง อำเภอเมืองจันทบุรี จังหวัดจันทบุรี,จันทบุรี,เมืองจันทบุรี,แสลง,102,6.3,118,2.3,-,10,3.7,8.3,2.9,2.6,0.2,0.0,3.4,1,6.8,0,60,0.2,-,< 0.9,41,0,77,,,,,,
2562,6209F016,โรงเรียนบ้านน้ำตกพลิ้ว (เฉลิมพงษ์ราษฎร์พิทยาคาร) ตำบลพลิ้ว อำเภอแหลมสิงห์ จังหวัดจันทบุรี,จันทบุรี,แหลมสิงห์,พลิ้ว,74,7.8,303,-,-,34,16,7,1.5,0.1,0.3,-,-,< 1,2.0,0,200,0.1,0.00,< 0.9,150,0,197,,,,,,
2562,6209A012,โรงเรียนบ้านคลองใหญ่ ตำบลคลองใหญ่ อำเภอโป่งน้ำร้อน จังหวัดจันทบุรี,จันทบุรี,โป่งน้ำร้อน,คลองใหญ่,80,7.9,633,-,-,90,25,27,0.4,0.1,0.0,-,-,31,28,0,398,0.2,1.4,2.2,330,0,411,,,,,,
2564,6309G076,บ้านห้วงปลาดุก ตำบลนายายอาม อำเภอนายายอาม จังหวัดจันทบุรี,จันทบุรี,นายายอาม,นายายอาม,80,7.2,62,-,-,6.4,5.6,2.4,0.70,0.0,0.0,-,-,1,9.2,0,30,0.1,-,3.9,39,15,40,,,,,,
2562,6209G011,บ้านตามูล ตำบลทรายขาว อำเภอสอยดาว จังหวัดจันทบุรี,จันทบุรี,สอยดาว,ทรายขาว,68,7.6,746,-,-,86,21,61,1.2,0.0,0.0,-,-,42,33,0,375,0.7,-,3.9,300,0,485,,,,,,
2562,6209G011,บ้านตามูล ตำบลทรายขาว อำเภอสอยดาว จังหวัดจันทบุรี,จันทบุรี,สอยดาว,ทรายขาว,68,7.6,746,-,-,86,21,61,1.2,0.0,0.0,-,-,42,33,0,375,0.7,-,3.9,300,0,485,,,,,,
2562,6209B005,บ้านคลองขวาง ตำบลแสลง อำเภอเมืองจันทบุรี จังหวัดจันทบุรี,จันทบุรี,เมืองจันทบุรี,แสลง,74,8.1,339,-,-,47,12,16,3.4,1.0,0.2,-,-,2,2.4,0,226,0.3,-,1.3,170,0,220,,,,,,
2562,6209F015,โรงเรียนวัดโป่งแรด (ปคุณวิทยาคาร) ตำบลพลับพลา อำเภอเมืองจันทบุรี จังหวัดจันทบุรี,จันทบุรี,เมืองจันทบุรี,พลับพลา,70,7.9,302,-,-,37,18,7,1.5,0.1,0.2,-,-,< 1,2.8,0,202,0.0,0.00,< 0.9,170,3,196,,,,,,
2562,6109B051,บ้านเขาแดง ตำบลทับช้าง อำเภอสอยดาว จังหวัดจันทบุรี,จันทบุรี,สอยดาว,ทับช้าง,74,7.9,651,-,-,38,46,45,0.6,0.0,0.6,-,-,10,9.2,0,423,0.6,-,19,280,0,423,,,,,,
2565,6409G033,บ้านปากทางแทรกเตอร์ ตำบลวังใหม่ อำเภอนายายอาม จังหวัดจันทบุรี,จันทบุรี,นายายอาม,วังใหม่,100,7.1,363,-,-,72,2.5,1.7,0.70,0.3,0.3,-,-,1,5.6,0,243,0.2,-,< 0.9,190,0,236,,,,,,
2563,6309F005,บ้านตรอกประดู่ ตำบลสนามไชย อำเภอนายายอาม จังหวัดจันทบุรี,จันทบุรี,นายายอาม,สนามไชย,92,7.5,393,-,-,29,7.8,43,3.3,0.0,0.1,0.0,0.0,1,42,0,168,0.4,-,0.9,100,0,255,,,,,,
2563,6309F001,บ้านตรอกประดู่ ตำบลสนามไชย อำเภอนายายอาม จังหวัดจันทบุรี,จันทบุรี,นายายอาม,สนามไชย,80,8.1,253,-,-,16,9.1,27,2.7,0.1,0.0,0.0,0.0,1,9.2,0,147,0.3,-,4.6,77,0,164,,,,,,
2562,6209D032,บ้านร่มไทร ตำบลโคกสูง อำเภอโคกสูง จังหวัดสระแก้ว,สระแก้ว,โคกสูง,โคกสูง,80,8.0,878,-,-,23,47,120,0.9,0.1,0.0,-,-,2,16,0,607,0.1,0.00,6.2,250,0,571,,,,,,
2565,6409F006,เทศบาลตำบลปัถวี บ่อที่ 1 ตำบลปัถวี อำเภอมะขาม จังหวัดจันทบุรี,จันทบุรี,มะขาม,ปัถวี,92,6.9,331,> 20,-,50,2.6,21,1.4,10,1.2,0.0,9.0,3,8.0,0,211,0.2,-,16,130,0,215,,,,,,
2565,6409G049,บ้านหนองคล้า บ่อที่ 2 ตำบลทุ่งเบญจา อำเภอท่าใหม่ จังหวัดจันทบุรี,จันทบุรี,ท่าใหม่,ทุ่งเบญจา,92,7.7,275,1.3,-,40,6.2,6.5,1.0,0.1,0.0,-,-,1,7.6,0,166,0.1,-,3.1,120,0,179,,,,,,
2565,6409G049,บ้านหนองคล้า บ่อที่ 2 ตำบลทุ่งเบญจา อำเภอท่าใหม่ จังหวัดจันทบุรี,จันทบุรี,ท่าใหม่,ทุ่งเบญจา,92,6.4,230,0.4,-,41,0.0,17,1.3,1.2,0.3,-,-,2,9.6,0,138,0.1,-,1.7,100,0,150,,,,,,
2568,6809B010,บ้านยางระโหง ตำบลเขาบายศรี อำเภอท่าใหม่ จังหวัดจันทบุรี,จันทบุรี,ท่าใหม่,เขาบายศรี,102,6.7,142,> 20,-,15,2.3,11,3.7,3.2,0.2,0.0,0.9,7,< 1.5,0,86,0.5,-,< 0.9,48,0,92,,,,,,
2564,6309G075,บ้านสะโทย ตำบลวังสรรพรส อำเภอขลุง จังหวัดจันทบุรี,จันทบุรี,ขลุง,วังสรรพรส,92,8.5,275,-,-,26,6.8,17,5.0,0.0,0.0,-,-,2,7.2,20,119,0.4,-,< 0.9,93,0,179,,,,,,
2567,6309F004,บ้านตรอกประดู่ ตำบลสนามไชย อำเภอนายายอาม จังหวัดจันทบุรี,จันทบุรี,นายายอาม,สนามไชย,92,6.6,471,1.0,-,50,17,22,2.3,10,4.9,0.0,0.9,42,20,0,204,0.2,-,1.3,190,27,306,,,,,,
2567,6509H005,โครงการพัชรสุธาคชานุรักษ์ บ้านคลองตาอิน ตำบลคลองพลู อำเภอเขาคิชฌกูฏ จังหวัดจันทบุรี,จันทบุรี,เขาคิชฌกูฏ,คลองพลู,200,7.5,68,0.3,6,2.4,1.3,5.1,9.9,0.0,0.0,0.0,0.0,< 1,3.2,0,33,0.0,0.00,1.1,11,0,44,,,,,,
2568,6809B011,บ้านหนองตะโกรม (บ่อแก้) ตำบลแสลง อำเภอเมืองจันทบุรี จังหวัดจันทบุรี,จันทบุรี,เมืองจันทบุรี,แสลง,102,7.4,293,> 20,-,40,3.3,18,0.68,0.7,0.2,0.0,0.5,1,2.8,0,188,0.1,-,< 0.9,110,0,190,,,,,,
2568,6409E007,บ้านคลองหลอด บ่อที่ 2 ตำบลท่าช้าง อำเภอเมืองจันทบุรี จังหวัดจันทบุรี,จันทบุรี,เมืองจันทบุรี,ท่าช้าง,62,6.9,467,5.0,-,11,5.5,89,4.7,13,0.1,0.0,0.8,13,48,0,184,0.3,-,2.0,50,0,304,,,,,,
2568,5809G040,วัดทุ่งเสาธง บ้านคลองหินลอย ตำบลชากไทย อำเภอเขาคิชฌกูฏ จังหวัดจันทบุรี,จันทบุรี,เขาคิชฌกูฏ,ชากไทย,-,5.5,63,0.3,-,4.5,1.6,5.4,3.3,0.2,0.0,0.0,0.0,1,1.6,0,39,0.1,0.00,< 0.9,18,0,41,,,,,,
2568,5809G040,วัดทุ่งเสาธง บ้านคลองหินลอย ตำบลชากไทย อำเภอเขาคิชฌกูฏ จังหวัดจันทบุรี,จันทบุรี,เขาคิชฌกูฏ,ชากไทย,-,5.0,61,0.2,-,7.2,0.3,5.5,3.3,0.3,0.0,0.0,0.0,1,< 1.5,0,37,0.1,0.00,< 0.9,19,0,40,,,,,,
2568,6309G049,สำนักสงฆ์บ้านซอยสุขสันต์ ตำบลทับช้าง อำเภอสอยดาว จังหวัดจันทบุรี,จันทบุรี,สอยดาว,ทับช้าง,25,7.2,"1,230",-,-,94,51,130,0.68,1.4,0.1,0.0,0.0,48,52,0,740,0.7,0.00,< 0.9,440,0,800,,,,,,
2568,5943G010,วัดมะทาย ตำบลปัถวี อำเภอมะขาม จังหวัดจันทบุรี,จันทบุรี,มะขาม,ปัถวี,51,6.2,133,-,-,19,1.2,6.8,0.75,2.3,0.2,0.0,0.0,2,7.6,0,65,0.0,0.00,< 0.9,51,0,86,,,,,,
2568,6309G050,โรงเรียนบ้านทรัพย์เจริญ ตำบลสะตอน อำเภอสอยดาว จังหวัดจันทบุรี,จันทบุรี,สอยดาว,สะตอน,66,7.5,"1,080",-,-,99,70,50,0.71,0.0,0.1,0.0,0.0,18,30,0,718,0.6,0.00,1.2,540,0,702,,,,,,
2568,6409B009,ศูนย์พัฒนาเด็กเล็กเทศบาลตำบลซึ้ง บ่อที่ 2 ตำบลซึ้ง อำเภอขลุง จังหวัดจันทบุรี,จันทบุรี,ขลุง,ซึ้ง,104,6.9,133,13,-,18,1.9,7.5,1.6,0.8,0.1,0.0,0.8,3,4.8,0,68,0.1,-,3.7,52,0,86,,,,,,
2568,5809C074,ถนนสายหนองฉวี-เขาแกลต บ้านหนองฉวี ตำบลเขาบายศรี อำเภอท่าใหม่ จังหวัดจันทบุรี,จันทบุรี,ท่าใหม่,เขาบายศรี,-,4.7,59,0.8,-,3.2,1.6,4.0,5.3,0.4,0.0,0.0,0.0,2,4.0,0,18,0.1,0.03,13,14,0,38,,,,,,
2568,5809C074,ถนนสายหนองฉวี-เขาแกลต บ้านหนองฉวี ตำบลเขาบายศรี อำเภอท่าใหม่ จังหวัดจันทบุรี,จันทบุรี,ท่าใหม่,เขาบายศรี,-,5.3,82,2.3,-,7.7,1.7,3.8,5.3,0.6,0.0,0.0,0.0,2,5.6,0,32,0.1,0.00,10,26,0,53,,,,,,
2568,6309F005,บ้านตรอกประดู่ (บ่อสังเกตการณ์) ตำบลสนามไชย อำเภอนายายอาม จังหวัดจันทบุรี,จันทบุรี,นายายอาม,สนามไชย,92,7.6,263,0.5,-,15,4.6,40,1.9,0.1,0.0,0.0,0.0,1,10,0,153,0.3,-,2.1,57,0,171,,,,,,
2568,5943G007,วัดตกพรม ตำบลตกพรม อำเภอขลุง จังหวัดจันทบุรี,จันทบุรี,ขลุง,ตกพรม,12,5.6,57,-,-,2.2,1.3,7.2,0.52,3.2,1.2,0.0,0.0,1,9.6,0,17,0.0,0.00,< 0.9,11,0,37,,,,,,
2568,5943G013,โรงพยาบาลส่งเสริมสุขภาพตำบลคลองพลู ตำบลคลองพลู อำเภอเขาคิชฌกูฏ จังหวัดจันทบุรี,จันทบุรี,เขาคิชฌกูฏ,คลองพลู,52,7.1,256,-,-,42,2.7,8.2,0.85,0.0,0.3,0.0,0.0,2,6.0,0,157,0.1,0.00,< 0.9,120,0,166,,,,,,
2568,5809G038,บริเวณปั้ม SMl บ้านเนินมะหาดมูซู ตำบลชากไทย อำเภอเขาคิชฌกูฏ จังหวัดจันทบุรี,จันทบุรี,เขาคิชฌกูฏ,ชากไทย,-,6.9,255,1.6,-,36,3.7,18,3.0,0.4,0.2,0.0,0.0,6,2.0,0,161,1.0,0.00,< 0.9,110,0,166,,,,,,
2568,5809G038,บริเวณปั้ม SMl บ้านเนินมะหาดมูซู ตำบลชากไทย อำเภอเขาคิชฌกูฏ จังหวัดจันทบุรี,จันทบุรี,เขาคิชฌกูฏ,ชากไทย,-,6.6,257,2.2,-,36,7.0,18,3.0,0.5,0.2,0.0,0.0,7,2.8,0,172,1.0,0.00,< 0.9,120,0,167,,,,,,
2568,5943G009,วัดสระบาป ตำบลคลองนารายณ์ อำเภอเมืองจันทบุรี จังหวัดจันทบุรี,จันทบุรี,เมืองจันทบุรี,คลองนารายณ์,46,7.3,227,-,-,2.6,0.5,51,2.2,0.0,0.0,0.0,0.0,1,2.8,0,149,0.3,0.00,< 0.9,8,0,148,,,,,,
2568,5509C011,โรงเรียนวัดโพธิ์ลังกา บ้านห้วงหิน ตำบลนายายอาม อำเภอนายายอาม จังหวัดจันทบุรี,จันทบุรี,นายายอาม,นายายอาม,-,7.7,481,5.6,-,52,17,26,0.67,1.1,0.0,0.0,0.0,6,50,0,191,0.2,0.00,1.9,200,42,313,,,,,,
2568,5509C011,โรงเรียนวัดโพธิ์ลังกา บ้านห้วงหิน ตำบลนายายอาม อำเภอนายายอาม จังหวัดจันทบุรี,จันทบุรี,นายายอาม,นายายอาม,-,7.5,478,> 20,-,51,16,27,0.90,3.8,0.3,0.0,0.0,6,51,0,194,0.2,0.00,2.5,190,32,311,,,,,,
2564,6409E012,บ้านคลองตาขิง บ่อที่ 2 ตำบลแก่งหางแมว อำเภอแก่งหางแมว จังหวัดจันทบุรี,จันทบุรี,แก่งหางแมว,แก่งหางแมว,74,7.5,"1,560",-,-,200,65,66,2.0,0.0,0.0,-,-,650,48,0,129,0.4,-,< 0.9,760,650,"1,020",,,,,,
2565,5909B021,บ้านห้วงปลาดุก ตำบลนายายอาม อำเภอนายายอาม จังหวัดจันทบุรี,จันทบุรี,นายายอาม,นายายอาม,-,7.0,351,0.1,-,30,11,33,1.0,1.7,0.3,-,-,1,10,0,224,0.3,-,< 0.9,120,0,228,,,,,,
2565,5909B010,บ้านช่องกะพัด ตำบลแก่งหางแมว อำเภอแก่งหางแมว จังหวัดจันทบุรี,จันทบุรี,แก่งหางแมว,แก่งหางแมว,-,7.6,461,> 20,-,29,15,35,0.30,0.0,0.0,-,-,2,8.8,0,233,0.2,-,< 0.9,130,0,300,,,,,,
2565,5909F023,บ้านใหม่ (จุดที่ 1) ตำบลโป่งน้ำร้อน อำเภอโป่งน้ำร้อน จังหวัดจันทบุรี,จันทบุรี,โป่งน้ำร้อน,โป่งน้ำร้อน,-,7.6,841,> 20,-,25,49,53,0.24,0.0,0.0,-,-,9,49,0,409,1.7,-,< 0.9,270,0,547,,,,,,
2565,5909B022,บ้านโพธิ์ธาราม ตำบลนายายอาม อำเภอนายายอาม จังหวัดจันทบุรี,จันทบุรี,นายายอาม,นายายอาม,-,7.2,"4,510",> 20,-,320,110,500,8.9,0.6,0.5,-,-,180,"1,200",0,371,3.0,-,< 0.9,"1,200",940,"2,930",,,,,,
2565,6009F005,บ้านคมบาง ตำบลคมบาง อำเภอเมืองจันทบุรี จังหวัดจันทบุรี,จันทบุรี,เมืองจันทบุรี,คมบาง,-,6.3,41,0.1,-,2.1,1.5,2.1,0.82,1.2,0.0,-,-,2,4.4,0,9,0.1,-,2.3,11,4,27,,,,,,
2562,6209E021,บ้านคลองบอน ตำบลหนองตาคง อำเภอโป่งน้ำร้อน จังหวัดจันทบุรี,จันทบุรี,โป่งน้ำร้อน,หนองตาคง,92,8.1,"1,050",-,-,12,110,69,1.8,2.3,0.2,-,-,12,72,0,625,0.5,0.00,< 0.9,480,0,682,,,,,,
2568,6809B002,บ้านวังแซ้ม ตำบลวังแซ้ม อำเภอมะขาม จังหวัดจันทบุรี,จันทบุรี,มะขาม,วังแซ้ม,102,6.8,216,6.3,-,31,2.8,11,1.6,0.7,0.1,0.0,0.0,1,1.6,0,136,0.2,-,< 0.9,88,0,140,,,,,,
2565,5909B022,บ้านโพธิ์ธาราม ตำบลนายายอาม อำเภอนายายอาม จังหวัดจันทบุรี,จันทบุรี,นายายอาม,นายายอาม,-,7.2,"4,510",> 20,-,320,110,480,8.7,0.9,0.6,-,-,170,"1,200",0,380,2.8,-,< 0.9,"1,300",940,"2,930",,,,,,
2565,6009F004,บ้านพลับพลา ตำบลพลับพลา อำเภอเมืองจันทบุรี จังหวัดจันทบุรี,จันทบุรี,เมืองจันทบุรี,พลับพลา,-,7.8,268,0.5,-,10,13,30,1.2,19,0.2,-,-,15,70,0,26,0.0,-,< 0.9,79,58,174,,,,,,
2565,6009F004,บ้านพลับพลา ตำบลพลับพลา อำเภอเมืองจันทบุรี จังหวัดจันทบุรี,จันทบุรี,เมืองจันทบุรี,พลับพลา,-,6.5,206,3.2,-,29,0.5,11,1.0,28,0.1,-,-,13,3.6,0,105,0.1,-,< 0.9,74,0,134,,,,,,
2565,6409F008,เทศบาลตำบลปัถวี บ่อที่3 ตำบลปัถวี อำเภอมะขาม จังหวัดจันทบุรี,จันทบุรี,มะขาม,ปัถวี,92,6.8,340,11,-,48,3.7,47,1.7,14,0.6,0.0,0.8,4,5.6,0,228,0.1,-,26,130,0,221,,,,,,
2566,6309F059,บ้านเนินมณฑา ตำบลกระแจะ อำเภอนายายอาม จังหวัดจันทบุรี,จันทบุรี,นายายอาม,กระแจะ,80,6.5,"1,350",0.2,-,54,76,86,1.4,3.1,0.4,0.0,0.8,28,280,0,268,0.1,-,< 0.9,450,230,878,,,,,,
2566,6309F059,บ้านเนินมณฑา บ่อที่ 4 ตำบลกระแจะ อำเภอนายายอาม จังหวัดจันทบุรี,จันทบุรี,นายายอาม,กระแจะ,80,6.3,444,> 20,-,56,10,20,0.60,15,0.4,0.0,4.4,3,32,0,218,0.1,-,< 0.9,180,2,289,,,,,,
2568,5909F023,วัดบ้านใหม่ ตำบลโป่งน้ำร้อน อำเภอโป่งน้ำร้อน จังหวัดจันทบุรี,จันทบุรี,โป่งน้ำร้อน,โป่งน้ำร้อน,-,7.0,"1,070",1.7,-,99,60,62,0.49,0.2,0.0,0.0,0.2,9,47,0,649,1.2,0.00,1.0,490,0,696,,,,,,
2568,5909F023,วัดบ้านใหม่ ตำบลโป่งน้ำร้อน อำเภอโป่งน้ำร้อน จังหวัดจันทบุรี,จันทบุรี,โป่งน้ำร้อน,โป่งน้ำร้อน,-,7.1,"1,070",4.2,-,84,55,62,0.50,0.0,0.0,0.0,0.0,10,47,0,645,1.2,0.03,1.0,440,0,696,,,,,,
2562,6109B049,บ้านตามูล ตำบลทรายขาว อำเภอสอยดาว จังหวัดจันทบุรี,จันทบุรี,สอยดาว,ทรายขาว,62,8.9,234,-,-,28,12,6,3.2,0.0,0.1,-,-,35,6.0,12,74,0.1,-,1.7,120,38,152,,,,,,
2565,5909F023,บ้านท่าประดู่ ตำบลวังกระแจะ อำเภอเมืองตราด จังหวัดตราด,ตราด,เมืองตราด,วังกระแจะ,-,7.9,334,7.0,-,50,8.7,9.6,0.45,15,0.5,-,-,1,2.8,0,220,0.1,-,< 0.9,160,0,217,,,,,,
2565,5909F023,บ้านท่าประดู่ ตำบลวังกระแจะ อำเภอเมืองตราด จังหวัดตราด,ตราด,เมืองตราด,วังกระแจะ,-,8.3,324,5.8,-,25,7.3,38,2.8,0.4,0.2,-,-,1,4.4,17,181,0.1,-,< 0.9,92,0,211,,,,,,
2565,6409G031,บ้านปากทางแทรกเตอร์ ตำบลวังใหม่ อำเภอนายายอาม จังหวัดจันทบุรี,จันทบุรี,นายายอาม,วังใหม่,104,5.9,129,-,-,20,5.9,1.4,0.94,1.0,0.3,-,-,1,4.4,0,87,0.2,-,< 0.9,74,3,84,,,,,,
2564,6409G015,บ้านโพธาราม ตำบลนายายอาม อำเภอนายายอาม จังหวัดจันทบุรี,จันทบุรี,นายายอาม,นายายอาม,68,8.6,"2,950",-,-,19,95,440,6.3,0.0,0.0,-,-,140,780,41,135,0.1,-,< 0.9,440,260,"1,920",,,,,,
2562,6109C038,บ้านคลองขวาง ตำบลแสลง อำเภอเมืองจันทบุรี จังหวัดจันทบุรี,จันทบุรี,เมืองจันทบุรี,แสลง,74,7.8,281,-,-,48,2.4,15,3.0,0.0,0.0,-,-,1,< 1.5,0,187,0.2,-,1.4,130,0,183,,,,,,
2562,6109C037,บ้านมะรุม ตำบลคลองใหญ่ อำเภอโป่งน้ำร้อน จังหวัดจันทบุรี,จันทบุรี,โป่งน้ำร้อน,คลองใหญ่,72,7.5,903,-,-,44,97,38,0.8,4.3,0.1,-,-,7,34,0,582,0.2,-,3.8,510,31,587,,,,,,
2565,6409F008,เทศบาลตำบลปัถวี บ่อที่ 3 ตำบลปัถวี อำเภอมะขาม จังหวัดจันทบุรี,จันทบุรี,มะขาม,ปัถวี,92,7.0,346,> 20,-,51,5.2,25,1.6,11,0.5,0.0,8.8,8,3.6,0,232,0.2,-,27,150,0,225,,,,,,
2568,6709B050,บ้านเขากะแจะ กลุ่มที่ 2 ตำบลแสลง อำเภอเมืองจันทบุรี จังหวัดจันทบุรี,จันทบุรี,เมืองจันทบุรี,แสลง,102,6.3,130,> 20,-,12,1.9,12,5.6,3.7,0.3,0.0,0.4,10,< 1.5,0,78,0.5,-,1.2,36,0,84,,,,,,
2563,6309H002,บ้านหนองหงส์ ตำบลสนามไชย อำเภอนายายอาม จังหวัดจันทบุรี,จันทบุรี,นายายอาม,สนามไชย,86,7.3,370,> 20,-,48,14,13,1.8,0.2,0.0,0.0,0.0,4,8.4,0,213,0.2,-,16,180,3,240,,,,,,
2563,6309H005,บ้านหนองหงส์ ตำบลสนามไชย อำเภอนายายอาม จังหวัดจันทบุรี,จันทบุรี,นายายอาม,สนามไชย,52,7.0,294,-,-,38,14,6.1,0.75,0.0,0.0,0.0,0.0,< 1,8.4,0,173,0.1,-,6.3,150,11,191,,,,,,
2563,6309H008,บ้านตรอกประดู่ ตำบลสนามไชย อำเภอนายายอาม จังหวัดจันทบุรี,จันทบุรี,นายายอาม,สนามไชย,92,7.5,280,20,-,31,7.7,20,3.3,0.0,0.0,0.0,0.1,< 1,8.0,0,164,0.3,-,2.4,110,0,182,,,,,,
2564,6309D044,บ้านห้วงปลาดุก บ่อที่ 4 ตำบลนายายอาม อำเภอนายายอาม จังหวัดจันทบุรี,จันทบุรี,นายายอาม,นายายอาม,92,7.4,842,-,-,100,39,20,3.2,0.0,0.0,-,-,42,42,0,393,0.4,0.00,51,420,99,547,,,,,,
2566,6409G015,บ้านโพธาราม บ่อที่ 3 ตำบลนายายอาม อำเภอนายายอาม จังหวัดจันทบุรี,จันทบุรี,นายายอาม,นายายอาม,68,7.3,"2,870",> 20,-,140,44,450,1.8,0.8,0.5,0.0,12,130,690,0,390,0.1,-,< 0.9,540,220,"1,870",,,,,,
2564,6409F008,เทศบาลตำบลปัถวี บ่อที่ 4 ตำบลปัถวี อำเภอมะขาม จังหวัดจันทบุรี,จันทบุรี,มะขาม,ปัถวี,92,8.5,427,-,-,70,6.6,26,3.6,14,0.9,-,-,3,8.0,42,227,0.2,-,23,200,0,278,,,,,,
2567,6409G015,บ้านโพธาราม ตำบลนายายอาม อำเภอนายายอาม จังหวัดจันทบุรี,จันทบุรี,นายายอาม,นายายอาม,68.00,6.8,"2,680",0.6,-,120,35,340,4.2,1.1,0.3,0.0,6.6,110,610,0,357,0.1,-,< 0.9,450,150,"1,740",,,,,,
2566,6409G015,บ้านโพธาราม บ่อที่ 2 ตำบลนายายอาม อำเภอนายายอาม จังหวัดจันทบุรี,จันทบุรี,นายายอาม,นายายอาม,68,7.1,"3,040",9.8,-,160,42,460,3.1,0.7,0.4,0.0,5.7,130,750,0,380,0.2,-,< 0.9,570,250,"1,980",,,,,,
2565,6309F059,บ้านเนินมณฑา บ่อที่4 ตำบลกระแจะ อำเภอนายายอาม จังหวัดจันทบุรี,จันทบุรี,นายายอาม,กระแจะ,86,7.7,"1,600",> 20,-,120,33,170,1.0,19,0.5,-,-,33,410,0,162,0.1,-,< 0.9,430,300,"1,040",,,,,,
2567,6309H008,บ้านตรอกประดู่ ตำบลสนามไชย อำเภอนายายอาม จังหวัดจันทบุรี,จันทบุรี,นายายอาม,สนามไชย,92,7.3,226,4.5,-,11,5.4,35,1.1,0.1,0.0,0.0,2.8,1,13,0,117,0.2,-,< 0.9,50,0,147,,,,,,
2568,6309H008,บ้านตรอกประดู่ (บ่อพัฒนา) ตำบลสนามไชย อำเภอนายายอาม จังหวัดจันทบุรี,จันทบุรี,นายายอาม,สนามไชย,92,7.5,236,4.1,-,22,6.4,20,1.5,0.4,0.0,0.0,0.0,1,15,0,126,0.1,-,1.3,81,0,153,,,,,,
2568,5943G011,โรงเรียนวัดกะทิง(ขันธส์โรอุปถัมภ์) ตำบลพลวง อำเภอเขาคิชฌกูฏ จังหวัดจันทบุรี,จันทบุรี,เขาคิชฌกูฏ,พลวง,51,5.8,45,-,-,2.6,1.2,3.9,0.40,0.1,0.1,0.1,0.1,< 1,5.6,0,7,0.0,0.00,8.8,11,6,29,,,,,,
2568,5909B021,วัดโพธิ์นาคราษฎร์บำรุง บ้านห้วงปลาดุก ตำบลนายายอาม อำเภอนายายอาม จังหวัดจันทบุรี,จันทบุรี,นายายอาม,นายายอาม,-,7.6,441,9.0,-,51,16,26,2.5,0.7,0.3,0.0,0.3,2,9.2,0,273,0.2,0.00,1.2,190,0,287,,,,,,
2568,6509H009,บ้านหนองคล้า ตำบลทุ่งเบญจา อำเภอท่าใหม่ จังหวัดจันทบุรี,จันทบุรี,ท่าใหม่,ทุ่งเบญจา,-,7.5,457,11,-,74,9.5,13,0.74,1.2,0.1,0.0,2.4,3,6.0,0,287,0.2,0.00,1.1,220,0,297,,,,,,
2568,5909B021,วัดโพธิ์นาคราษฎร์บำรุง บ้านห้วงปลาดุก ตำบลนายายอาม อำเภอนายายอาม จังหวัดจันทบุรี,จันทบุรี,นายายอาม,นายายอาม,-,6.7,314,2.0,-,26,13,24,1.8,0.9,0.1,0.0,0.0,2,10,0,185,0.2,0.00,< 0.9,120,0,204,,,,,,
2568,6509H009,บ้านหนองคล้า ตำบลทุ่งเบญจา อำเภอท่าใหม่ จังหวัดจันทบุรี,จันทบุรี,ท่าใหม่,ทุ่งเบญจา,-,7.3,375,4.2,-,57,11,10,1.0,1.4,0.2,0.0,0.8,3,4.0,0,235,0.2,0.00,1.3,190,0,244,,,,,,
